cusip,maturity_date,par_amount,coupon_rate,original_price,original_yield,spread,spread_interpolated,deal_id,evaluated_price,evaluated_yield,spread_to_mmd,spread_to_mmd_interpolated,priceTo,reward
744396JM5,2033-07-01,,8.5,,,,,0x001035BCB5E008C4,,,,,,
744396JJ2,2043-07-01,,7.5,,,,,0x001035BBB5E008C3,,,,,,
744396JK9,2053-07-01,,7.75,,,,,0x001035BBB5E008C3,,,,,,
744396JL7,2063-07-01,,8.0,,,,,0x001035BBB5E008C3,,,,,,
04052DAA8,2025-11-01,450000000.0,7.0,100.0,7.0,529.1,576.0,0x00103594FBE002A8,,,,,,787500000.0
04052DAB6,2050-09-01,182425000.0,6.25,100.0,6.25,482.4,,0x001035A7E6F70390,82.6953285014,7.826331578,327.6,,MATY,182425000.0
74443DKV2,2054-07-01,77235000.0,7.5,98.5,7.625,410.5,,0x00106A5AA87601FF,89.2339391235,8.5052840519,389.5,,MATY,173778750.0
187145JT5,2048-08-15,195645000.0,6.125,98.312,6.25,308.0,,0x0010353927010238,100.265,2.7572030137,-174.3,,MATY,171189375.0
19645UQT4,2030-07-01,46510000.0,7.43,99.333,7.555,424.5,424.5,0x001035CC222009E2,102.0772822525,6.8801506881,433.0,433.0,PRMC,101391799.99999999
39237QBH7,2050-02-01,21755000.0,9.0,100.0,9.0,727.0,,0x0010351B6D0D045A,,,,,,81581250.0
12008ELZ7,2046-09-01,39370000.0,7.25,94.982,7.68,452.0,,0x001035B5D3B600F5,,,,,,78740000.0
041807BH0,2062-11-01,27825000.0,7.875,100.0,7.875,383.5,,0x001035A0F6230757,100.8646159075,7.63,301.0,,MATY,73040625.0
74443DKE0,2058-12-01,28620000.0,7.75,100.0,7.75,318.0,,0x001035B3583909FE,,,,,,71550000.0
83704MES1,2032-01-15,30465000.0,7.5,96.0,8.283,507.29999999999995,507.29999999999995,0x00106A390A5D0317,96.0123965385,8.7896717532,594.0,599.0,MATY,68546250.0
74443DKT7,2025-05-09,13455000.0,10.0,100.0,10.0,701.0,732.0,0x00106A56C8F60012,,,,,,63911250.0
83704MDA1,2033-06-01,26240000.0,7.5,100.0,7.5,455.0,455.0,0x001035D3B9DA089D,,,,,,59040000.0
91754T2C6,2059-06-15,37750000.0,6.75,98.0,6.902,321.20000000000005,,0x00106A69B2A40005,103.5639907953,6.109,148.9,,PRMC,56625000.0
546399US3,2053-06-15,48520000.0,6.375,99.033,6.45,191.0,,0x00106A37D5B90322,98.944255431,6.4566438399,185.7,,MATY,54585000.0
83704MCH7,2062-08-15,24210000.0,7.5,100.0,7.5,437.0,,0x001035EB7BD9066A,91.5121685889,8.235,361.5,,MATY,54472500.0
14043FAC0,2030-06-15,27025000.0,7.25,100.0,7.25,404.0,404.0,0x001035D8B709094A,101.591164654,6.6481506874,409.8,409.8,MATY,54050000.0
04052BTR5,2065-02-01,32780000.0,6.875,98.321,7.0,246.0,,0x00106AA587DD0386,97.2927824752,7.08,246.0,,MATY,53267500.0
546399UX2,2055-06-15,59015000.0,6.15,100.0,6.15,159.00000000000006,,0x00106A38D5B9032D,100.0106403473,6.1476438399,152.8,,MATY,53113500.00000002
14054WAG0,2033-06-30,23375000.0,7.5,100.0,7.5,418.0,418.0,0x0010357C3F44092B,,,,,,52593750.0
19909PAL0,2053-07-01,30000000.0,7.0,100.0,7.0,353.0,,0x00103558248D09DD,,,,,,52500000.0
34061UBV9,2046-06-15,58220000.0,6.125,98.701,6.22,302.0,,0x00102100D7DC615B,96.7886282058,6.4052191819,198.5,,MATY,50942500.0
68607AAF8,2053-12-15,18110000.0,8.0,95.001,8.46,475.0000000000001,,0x00103555DB7609D4,,,,,,49802500.0
546399UT1,2059-06-15,39750000.0,6.5,100.0,6.5,194.00000000000006,,0x00106A37D5B90322,99.1818044442,6.56,194.0,,MATY,49687500.0
744396KM3,2035-03-31,16995000.0,8.0,95.0,10.604,731.3999999999999,732.3999999999999,0x00106A869D600302,,,,,,46736250.0
04110DBF6,2059-07-01,26585000.0,7.0,96.832,7.25,357.0,,0x00106A6EDBCE0001,93.1837041606,7.56,294.0,,MATY,46523750.0
83704MCM6,2033-03-15,19400000.0,7.6,94.0,8.502,614.2,614.2,0x0010350E871808BC,,,,,,45589999.99999999
13058TVA5,2064-06-01,29735000.0,6.75,96.653,7.0,307.0,,0x00106A67639B02E7,96.4704206126,7.015,239.5,,MATY,44602500.0
50376FBW6,2052-09-01,33370000.0,6.58,100.0,6.58,297.0,,0x00103590B5F106F7,94.0352725669,7.0766438336,248.7,,MATY,44382100.0
744396JS2,2033-06-15,31325000.0,6.65,100.0,6.65,337.0,337.0,0x0010355123480916,100.9578894632,6.2823561693,334.2,334.2,MATY,43855000.00000001
04052BHM9,2049-06-01,25040000.0,7.0,100.0,7.0,445.0,,0x001035A56C1302FD,47.95,15.0873785496,1055.7,,MATY,43820000.0
5742186N8,2055-03-01,25000000.0,7.0,100.0,7.0,546.0,,0x00103586523B03C9,101.6861194706,6.5686438395,194.9,,MATY,43750000.0
50376HAG8,2031-06-15,19280000.0,7.5,99.291,7.625,518.5,518.5,0x0010351B05B9098B,,,,,,43380000.0
899519AA0,2057-06-01,19260000.0,7.5,100.0,7.5,409.0,,0x001035AEC5E206AA,,,,,,43335000.0
041807AZ1,2062-02-15,28350000.0,6.75,103.523,6.15,292.0,,0x00103564A5DA0638,97.5448865142,6.935,231.5,,MATY,42525000.0
34061UMC9,2053-06-15,27480000.0,6.75,98.727,6.85,261.0,,0x001035B0FC210941,107.7972360891,5.4596438399,86.0,,PRMC,41220000.0
04052BLU6,2055-06-15,27305000.0,6.75,94.0,7.221,566.1,,0x0010351D5031035A,,,,,,40957500.0
13069AAG3,2058-07-01,40895000.0,6.25,100.0,6.25,464.0,,0x0010357FC582031E,90.0972627937,7.025,240.5,,MATY,40895000.0
67868WAD1,2064-06-15,32450000.0,6.5,99.711,6.52,276.0,,0x00106A8EFE530059,,,,,,40562500.0
50376FAJ6,2027-08-01,23000000.0,7.0,100.0,7.0,474.6,499.7,0x001035F04B0B0194,97.3406970448,8.4422045306,598.2,598.2,MATY,40250000.0
74443DKQ3,2059-06-15,17710000.0,7.5,100.0,7.5,375.0,,0x00106A9463A40029,,,,,,39847500.0
74443DJV4,2057-12-01,16755000.0,7.625,93.827,8.16,461.0,,0x001035449368079D,,,,,,39793125.0
19645UQZ0,2034-07-01,22215000.0,7.0,100.0,7.0,464.0,467.0,0x001035B965850975,,,,,,38876250.0
04052BHT4,2049-07-01,30615000.0,6.5,100.0,6.5,424.0,,0x0010356ADC830212,92.8843066548,7.1210410919,259.1,,MATY,38268750.0
14043FAA4,2030-06-15,18585000.0,7.25,100.0,7.25,495.0,495.0,0x00103593503608D8,,,,,,37170000.0
546399SE7,2059-06-01,16000000.0,7.5,96.977,7.75,428.0,,0x001035ADCBCC0986,105.3911001222,6.609,198.9,,PRMC,36000000.0
246387RN6,2045-09-01,20000000.0,7.0,100.0,7.0,450.0,,0x00102100450EC3B9,,,,,,35000000.0
56681NDL8,2049-07-01,27390000.0,6.5,100.0,6.5,441.0,,0x0010351760D00280,,,,,,34237500.0
50376FBU0,2052-09-01,25410000.0,6.58,100.0,6.58,297.0,,0x001035B39CF106FD,94.2298527129,7.0596438336,247.0,,MATY,33795300.0
74442EDM9,2053-06-01,22450000.0,6.75,93.5,7.265,391.5,,0x0010351609EA01D1,82.0833197979,8.4266438315,382.7,,MATY,33675000.0
13067RCZ4,2062-11-15,12235000.0,8.0,100.0,8.0,462.0,,0x0010352088B20738,,,,,,33646250.0
14054WAL9,2053-06-15,33450000.0,6.25,99.332,6.3,256.0,,0x001035BD1A81090A,100.7847310183,6.0616438399,146.2,,PARC,33450000.0
546399SD9,2054-06-01,15630000.0,7.375,97.044,7.625,415.5,,0x001035ADCBCC0986,104.9543523146,6.5576438315,194.8,,PRMC,33213750.0
14054CCD9,2049-06-01,18575000.0,7.0,100.0,7.0,466.0,,0x001035D4404302F0,94.3339085785,7.5119315063,298.2,,MATY,32506250.0
74442EKT6,2033-01-15,13615000.0,7.6,95.0,8.351,597.1000000000001,597.1000000000001,0x0010353B75F40798,,,,,,31995249.999999996
74442EFK1,2055-06-15,31840000.0,6.25,95.0,6.645,516.5,,0x0010355B50D603FB,77.5262084802,8.2926438399,367.3,,MATY,31840000.0
05618TAC3,2053-02-01,22515000.0,6.65,100.0,6.65,316.0,,0x001035C177980803,,,,,,31521000.000000007
57405DAA0,2049-12-01,25210000.0,6.5,100.0,6.5,428.0,,0x0010350EDDE40210,49.9063487911,13.5702876703,904.0,,MATY,31512500.0
74443DME8,2055-05-01,16635000.0,7.125,99.075,7.2,296.0,296.0,0x00106A58DF8B0375,,,,,,31190625.0
13058PAC2,2063-06-15,13810000.0,7.5,100.0,7.5,358.0,,0x0010355708CA08B8,,,,,,31072500.0
041807CF3,2062-04-01,13620000.0,7.5,100.0,7.5,408.0,,0x001035E9D8630770,,,,,,30645000.0
14054WAM7,2058-06-15,26110000.0,6.375,99.239,6.43,269.0,,0x001035BD1A81090A,99.4473465986,6.415,179.5,,MATY,29373750.0
34061ULQ9,2032-08-01,16040000.0,7.0,100.0,7.0,441.0,441.0,0x001035F341DD064C,,,,,,28070000.0
424685AG0,2047-02-01,28025000.0,6.24,100.0,6.24,350.0,,0x00103531502E016B,94.9137982071,6.6886849281,222.9,,MATY,27744750.000000007
74443DJT9,2052-12-01,11060000.0,7.75,100.0,7.75,433.0,,0x001035F6E0660752,,,,,,27650000.0
34061UCJ5,2046-06-15,24120000.0,6.375,98.367,6.5,315.0,,0x0010353439B3009B,100.2002816248,6.1384795019,171.8,,PARC,27135000.0
345856AP3,2054-07-01,13440000.0,7.25,100.0,7.25,421.0,,0x0010351365090258,,,,,,26880000.0
84129NLE7,2048-07-15,21265000.0,6.5,96.78,6.75,379.0,,0x00103528B89D0129,100.9740219243,6.1399315079,164.0,,PARC,26581250.0
34061UMX3,2050-06-15,16180000.0,6.89,100.0,6.89,302.0,,0x00106A7089C60247,,,,,,26535199.999999996
14043RAB6,2065-06-15,11685000.0,7.5,100.0,7.5,296.0,,0x00106A5F72A403F0,,,,,,26291250.0
71782AAC6,2049-06-15,13905000.0,7.125,93.0,7.718,540.8,,0x001035988F460276,77.4761529305,9.5299315114,500.0,,MATY,26071875.0
72177MRV1,2050-02-01,17290000.0,6.75,100.0,6.75,407.0,,0x001035F49A77013D,89.0755651532,7.75128767,320.1,,MATY,25935000.0
13067REK5,2029-11-01,9295000.0,8.0,100.0,8.0,371.0,536.0,0x00106AB5BFC601B7,100.9968084018,7.6453841654,517.5,515.5,MATY,25561250.0
91754T3D3,2034-10-15,29115000.0,6.125,98.18,6.375,361.5,362.5,0x00106A7149F801BB,95.0953984311,6.8477534262,375.8,374.8,MATY,25475625.0
45129GKU8,2062-09-15,12705000.0,7.25,100.0,7.25,366.0,,0x00103520B83C0786,,,,,,25410000.0
130591AW0,2046-07-01,22360000.0,6.375,100.0,6.375,318.5,,0x00102100D90AA94B,,,,,,25155000.0
14054WAT2,2061-06-15,12425000.0,7.25,98.102,7.4,363.0,,0x00106A9DE5470045,95.4657299598,7.62,300.0,,MATY,24850000.0
91754TW58,2027-10-15,24735000.0,6.25,97.998,6.733,369.29999999999995,369.29999999999995,0x001035581F2C0749,,,,,,24735000.0
19645UCL6,2025-06-01,15420000.0,6.85,97.5,7.457,707.6999999999999,707.6999999999999,0x001035138C6F03D6,,,,,,24671999.999999996
744396KC5,2059-06-01,14045000.0,7.0,98.4,7.125,341.5,,0x00106A8316E90107,92.1028469597,7.655,303.5,,MATY,24578750.0
424685AK1,2048-02-01,16085000.0,6.76,100.0,6.76,377.0,,0x001035ECFEB70181,103.3072898738,5.3495479418,85.0,,PARC,24288349.999999996
018433AJ1,2047-07-01,24265000.0,6.25,100.0,6.25,353.5,,0x001035CCD82E011E,,,,,,24265000.0
13059QAP0,2034-11-01,15050000.0,6.86,98.232,7.11,417.0,417.0,0x00106A13DCC60172,,,,,,24230500.000000004
738222AA6,2047-09-01,10725000.0,7.5,100.0,7.5,643.0,634.0,0x0010352A9C1D008E,,,,,,24131250.0
744396HV7,2032-07-15,21590000.0,6.35,100.0,6.35,307.0,307.0,0x0010357D36FC0694,100.9254232778,5.9011780868,305.1,305.1,PARC,23748999.999999993
45506DB61,2044-12-01,11715000.0,7.25,101.497,7.0,381.0,,0x001035CC4EBA001D,96.4751954583,7.599219177,327.9,,MATY,23430000.0
04052BRB2,2027-02-01,13295000.0,7.0,100.0,7.0,507.8,556.0,0x001035F4BAFB0595,,,,,,23266250.0
34061ULW6,2032-06-30,25500000.0,6.15,100.0,6.15,324.0,325.0,0x001035185D360751,102.2057089436,5.4415753471,259.2,260.2,PRMC,22950000.000000007
83704MAV8,2049-06-01,13030000.0,7.0,100.0,7.0,496.0,,0x001035BED201034B,98.5109701343,7.1299315063,260.0,,MATY,22802500.0
04052BMQ4,2053-09-15,25060000.0,6.15,99.703,6.17,444.0,,0x001035F98A0E045C,,,,,,22554000.000000007
04052BGW8,2053-09-15,25060000.0,6.15,99.703,6.17,289.0,,0x001035E7D9F601EC,87.0428239672,7.2326438319,263.3,,MATY,22554000.000000007
34061ULY2,2058-04-23,22140000.0,6.25,99.341,6.297,313.69999999999993,,0x00103581461808F2,,,,,,22140000.0
24380HBS0,2061-06-15,25200000.0,6.125,98.911,6.2,236.0,,0x00106ADA6358009B,75.95,8.2163264658,359.6,,MATY,22050000.0
34061UGU6,2055-06-15,17550000.0,6.5,93.0,7.042,564.1999999999999,,0x001035892F7104F6,73.1252134007,9.1366438399,451.7,,MATY,21937500.0
14043RAA8,2065-06-15,9700000.0,7.5,100.0,7.5,296.0,,0x00106A9B5C9C0322,,,,,,21825000.0
12008EST4,2052-07-01,17420000.0,6.5,100.913,6.375,302.5,,0x001035BFA69A06A0,99.3116088026,6.5544246537,196.4,,MATY,21775000.0
74443DHK0,2052-05-01,10855000.0,7.25,100.0,7.25,422.0,,0x001035D0487F06C4,,,,,,21710000.0
14054CAP4,2047-06-15,12215000.0,7.0,100.0,7.0,454.0,,0x001035E1D56D017D,,,,,,21376250.0
56681NHQ3,2063-07-01,14130000.0,6.75,99.038,6.82,329.0,,0x001035AA85B009B3,,,,,,21195000.0
04052BLP7,2055-01-01,11300000.0,7.1,100.0,7.1,526.0,,0x00103550882803D6,76.0393463452,9.5426438378,492.3,,MATY,20904999.999999996
59333EEF6,2048-12-01,11900000.0,7.0,100.0,7.0,404.0,,0x001035B74DB5016B,68.9827889535,10.5989315104,609.9,,MATY,20825000.0
56681NHN0,2054-07-01,16660000.0,6.5,98.43,6.62,309.0,,0x001035AA85B009B3,,,,,,20825000.0
45129GNF8,2064-09-15,16620000.0,6.5,100.0,6.5,243.0,,0x00106A4ACAEA0212,94.7258068791,6.89,227.0,,MATY,20775000.0
74443DCG4,2047-07-01,10365000.0,7.25,100.0,7.25,441.0,,0x001035C0FD55014C,,,,,,20730000.0
04052BLV4,2057-06-15,20635000.0,6.25,94.0,6.69,519.0,,0x001035C690730303,87.4869127302,7.262,264.2,,MATY,20635000.0
34061UCS5,2047-06-15,23440000.0,6.125,100.0,6.125,322.5,,0x0010355F64EB00F5,96.0204626328,6.4665753375,200.7,,MATY,20510000.0
83704MCK0,2030-03-15,9080000.0,7.5,96.0,8.265,619.5,619.5,0x0010355402090872,,,,,,20430000.0
12008EUA2,2055-06-01,10125000.0,7.25,100.0,7.25,369.0,,0x001035560DD107A8,96.9699764177,7.5046438315,288.5,,MATY,20250000.0
74172VAE8,2045-08-01,11565000.0,7.0,100.0,7.0,390.0,,0x00102100D31A5CA4,101.051496323,3.3642603077,-100.6,,MATY,20238750.0
83704MBB1,2050-01-01,11370000.0,7.0,100.0,7.0,508.0,,0x00103554E24403D4,69.513,10.4680534801,591.8,,MATY,19897500.0
13058TUX6,2054-06-01,11350000.0,7.0,100.0,7.0,321.0,,0x00106A1CA4C9010A,94.2438404342,7.4886438315,287.9,,MATY,19862500.0
74172VAL2,2046-08-01,11315000.0,7.0,100.0,7.0,374.0,,0x001035D71DB3005C,,,,,,19801250.0
83704MDS2,2053-06-15,10550000.0,7.125,98.478,7.25,316.0,,0x0010354559590969,,,,,,19781250.0
744396BJ0,2025-07-01,11265000.0,7.0,98.0,7.281,498.1,497.30000000000007,0x0010210084D73557,,,,,,19713750.0
45506DB95,2044-12-01,9840000.0,7.25,101.497,7.0,381.0,,0x001035D1BBBB00F4,,,,,,19680000.0
187145RF6,2053-06-15,19400000.0,6.25,98.009,6.4,290.0,,0x0010355C146D0808,94.539988093,6.6836438399,208.4,,MATY,19400000.0
74442ELG3,2058-07-01,11080000.0,7.0,100.304,6.94,282.0,,0x00103581BA560941,,,,,,19390000.0
13059TEK1,2050-07-01,15500000.0,6.5,100.0,6.5,347.0,347.0,0x001035780A250173,,,,,,19375000.0
14054WAD7,2058-12-15,15500000.0,6.5,97.955,6.65,277.0,,0x00103566F5E4085A,96.8202037008,6.74,212.0,,MATY,19375000.0
50376FAW7,2049-09-01,12785000.0,6.75,100.0,6.75,440.0,,0x00103561B23F02CB,,,,,,19177500.0
04052BJH8,2049-06-15,10810000.0,7.0,100.0,7.0,467.0,,0x001035CBAF3C027F,103.3442421353,6.0259315114,149.6,,PRMC,18917500.0
744396HN5,2062-06-01,12515000.0,6.75,99.305,6.8,340.0,,0x00103582C9A106C9,93.8851477085,7.0515753441,259.2,,MATY,18772500.0
19645UQQ0,2030-07-01,10595000.0,7.0,100.0,7.0,360.0,360.0,0x001035A50614099B,,,,,,18541250.0
14054WAZ8,2054-06-15,9560000.0,7.18,97.225,8.25,457.0,,0x00106A9A22E20020,,,,,,18450799.999999996
56681NHP5,2059-07-01,13225000.0,6.625,98.714,6.72,319.0,,0x001035AA85B009B3,,,,,,18184375.0
83704MAE6,2046-10-01,10390000.0,7.0,100.0,7.0,446.0,,0x001035BB0081001F,,,,,,18182500.0
67868WAC3,2054-06-15,17525000.0,6.25,97.742,6.42,266.0,,0x00106A8EFE530059,,,,,,17525000.0
72177PBR0,2046-06-15,10000000.0,7.0,100.0,7.0,399.0,,0x00103521FCAB0053,,,,,,17500000.0
13067RFL2,2025-08-15,10000000.0,7.0,100.0,7.0,278.0,420.0,0x00106ABD271502F7,100.0240644369,6.2650359211,380.5,380.5,PARC,17500000.0
74442ELF5,2053-07-01,10755000.0,6.875,100.331,6.81,269.0,,0x00103581BA560941,,,,,,17476875.0
83704MDT0,2058-06-15,8735000.0,7.25,98.436,7.375,328.5,,0x0010354559590969,,,,,,17470000.0
424682KN1,2044-12-01,11170000.0,6.8,100.0,6.8,453.0,,0x00103529793A024D,99.3110774671,6.864219177,254.4,,MATY,17313499.999999996
13058TRN2,2062-06-01,13825000.0,6.5,98.044,6.64,248.0,,0x001035B5B21B073E,100.345834753,6.395,177.5,,PARC,17281250.0
91912VAC1,2033-06-15,17260000.0,6.25,100.0,6.25,372.0,372.0,0x001035C5858308EE,,,,,,17260000.0
12008ESU1,2057-07-01,13785000.0,6.5,100.0,6.5,315.0,,0x001035BFA69A06A0,96.4195405877,6.775,215.5,,MATY,17231250.0
74442EFT2,2056-06-15,19500000.0,6.125,94.0,6.639,492.9,,0x00103524DE97044C,75.2260597049,8.378,375.8,,MATY,17062500.0
19909PAH9,2056-06-15,13610000.0,6.485,93.0,7.023,537.3,,0x001035D5859D04EC,86.8881468704,7.59,297.0,,MATY,16808350.000000004
14054CAT6,2048-06-15,9075000.0,7.0,100.0,7.0,414.0,,0x001035672F8101ED,,,,,,15881250.0
018433AM4,2027-07-01,5750000.0,8.0,100.0,8.0,627.0,638.5,0x001035CDD82E011F,,,,,,15812500.0
74172VAD0,2041-08-01,9480000.0,6.9,100.0,6.9,385.0,,0x00102100D31A5CA4,101.0223508296,3.3652603077,-64.5,,MATY,15642000.000000004
19645UNX8,2029-07-01,17790000.0,6.125,100.0,6.125,285.5,286.3,0x001035C4F1230734,,,,,,15566250.0
018433AU6,2052-07-01,8770000.0,7.0,100.0,7.0,310.0,,0x001035B4B0FD06DA,,,,,,15347500.0
04052BHJ6,2050-06-01,12260000.0,6.5,100.0,6.5,346.0,,0x0010359D1B0302A2,62.95,10.8219227527,627.2,,MATY,15325000.0
74442EHW3,2062-06-15,15000000.0,6.25,93.5,6.719,469.9,,0x0010357427100660,,,,,,15000000.0
71781XGZ0,2054-06-15,8570000.0,7.0,98.449,7.125,353.5,,0x00106A0C03060172,93.2883393535,7.5746438399,296.5,,MATY,14997500.0
246387RM8,2035-09-01,9890000.0,6.75,100.0,6.75,440.0,,0x00102100450EC3B9,,,,,,14835000.0
74442EKX7,2053-06-15,14820000.0,6.25,96.715,6.5,288.0,,0x001035D69E5B083E,,,,,,14820000.0
91754T3Y7,2055-06-15,7380000.0,7.25,100.0,7.25,305.0,,0x00106A39CEFF0270,96.5801241304,7.5386438399,291.9,,MATY,14760000.0
14043FAD8,2030-06-15,5130000.0,8.109,100.0,8.109,350.0,489.9,0x001035D9B709094B,105.7708647055,6.7086936976,415.9,415.9,MATY,14666670.0
68607AAL5,2060-12-15,8305000.0,7.0,100.0,7.0,343.0,,0x001035912E020A92,92.9684941913,7.573,295.3,,MATY,14533750.0
52480EAN9,2053-06-01,8300000.0,7.0,98.154,7.15,262.0,,0x00103534C62C09F2,106.1575082494,6.0056438315,140.6,,PRMC,14525000.0
13058PAB4,2053-06-15,6740000.0,7.375,100.0,7.375,345.5,,0x0010355708CA08B8,,,,,,14322500.0
45506D5C5,2049-06-01,11305000.0,6.5,100.0,6.5,452.0,,0x001035B30BB90226,92.494282474,7.1579315063,262.8,,MATY,14131250.0
12033DAA5,2064-06-15,9235000.0,6.75,99.304,6.8,315.0,,0x00106A819979011A,96.9248747467,6.98,236.0,,MATY,13852500.0
12008ESV9,2032-07-01,3070000.0,9.75,100.0,9.75,659.0,686.8,0x001035C0A69A06DF,,,,,,13815000.0
60375CAQ7,2048-07-01,11020000.0,6.5,100.0,6.5,376.0,,0x001035A7322C019D,100.0981555202,6.4436849329,194.4,,PARC,13775000.0
05618TAB5,2043-02-01,11970000.0,6.4,100.0,6.4,313.0,,0x001035C177980803,,,,,,13765500.000000004
45470EDM4,2053-06-15,7830000.0,7.0,98.764,7.1,368.0,,0x001035CEEE950999,,,,,,13702500.0
83704MER3,2059-06-15,10950000.0,6.5,100.0,6.5,292.0,,0x00106A46F30A02C7,94.0076249925,6.962,234.2,,MATY,13687500.0
14054CAR0,2052-06-15,13580000.0,6.25,95.0,6.62,389.0,,0x00103552807F0189,80.0174205942,8.0812876697,349.1,,MATY,13580000.0
041807DW5,2053-02-15,15305000.0,6.125,98.049,6.27,279.0,,0x001035C4173D08C3,85.338,7.3754808588,277.5,,MATY,13391875.0
74442EEQ9,2054-06-15,15195000.0,6.125,100.0,6.125,387.5,,0x00103587C68802EE,99.7427055753,6.1436438399,153.4,,MATY,13295625.0
12008EUT1,2053-04-15,7450000.0,7.0,97.561,7.2,265.0,,0x001035560335094C,106.1255995338,5.9986438327,139.9,,PARC,13037500.0
45506DVH5,2045-12-01,6470000.0,7.25,100.0,7.25,444.0,,0x00102100EB7715B8,100.3560017072,6.222123257,185.2,,PARC,12940000.0
56681MAF6,2034-01-01,12930000.0,6.25,100.0,6.25,377.0,,0x0010355B3F140257,99.8493488504,6.2726575316,318.3,325.3,MATY,12930000.0
13058TVK3,2055-04-15,7385000.0,7.0,100.0,7.0,236.00000000000006,,0x00106A78933403A6,101.1136434531,6.8396438327,222.0,,MATY,12923750.0
74443DMD0,2045-05-01,7280000.0,7.0,100.0,7.0,277.0,,0x00106A58DF8B0375,,,,,,12740000.0
83704MEQ5,2054-06-15,10170000.0,6.5,100.26,6.45,287.0,,0x00106A46F30A02C7,95.6762958435,6.8446438399,223.5,,MATY,12712500.0
56681MAJ8,2034-01-01,11235000.0,6.38,100.0,6.38,330.0,331.0,0x00106A97B113034C,99.5346028842,6.4516575316,336.2,343.2,MATY,12695549.999999998
190779AH1,2053-06-15,11000000.0,6.4,100.0,6.4,283.0,,0x00103574288509F5,97.1514187718,6.6246438399,202.5,,MATY,12650000.000000004
34061UGV4,2055-06-15,5600000.0,7.5,93.0,8.106,670.6,,0x0010358C2F7104F3,74.8614962801,10.2006438399,558.1,,MATY,12600000.0
744396GP1,2051-07-01,10930000.0,6.4,100.0,6.4,475.0,,0x001035F2775F05FA,98.9814156477,6.4812876719,191.1,,MATY,12569500.000000004
39237QBJ3,2033-02-01,3335000.0,9.0,100.0,9.0,823.5,783.2,0x0010351C6D0D045D,,,,,,12506250.0
56681NHV2,2063-07-01,5850000.0,7.375,98.409,7.5,393.0,,0x001035045A020A73,93.9951631651,7.874,325.4,,MATY,12431250.0
45129GDM4,2055-06-15,7270000.0,6.95,100.0,6.95,463.0,,0x0010358C903D0307,82.6896505048,8.5626438399,394.3,,MATY,12359000.000000002
74172VAC2,2035-08-01,9475000.0,6.5,100.0,6.5,365.0,,0x00102100D31A5CA4,100.9121512239,3.3472603077,8.7,8.7,MATY,11843750.0
744396CZ3,2047-06-15,6690000.0,7.0,100.0,7.0,442.0,,0x001035A0BA6C0152,,,,,,11707500.0
12008ESS6,2042-07-01,9275000.0,6.5,101.838,6.25,304.0,,0x001035BFA69A06A0,99.886322677,6.5107808203,238.1,,MATY,11593750.0
744396KJ0,2054-06-15,7110000.0,6.875,100.0,6.875,291.5,,0x00106A7F04850286,98.3084748744,7.0116438399,240.2,,MATY,11553750.0
817245AL7,2054-07-01,9235000.0,6.5,96.8,6.75,306.0,,0x00106A08009600E4,,,,,,11543750.0
14043FAB2,2030-06-15,4600000.0,7.75,100.0,7.75,430.6,545.0,0x00103594503608DF,,,,,,11500000.0
13059THR3,2050-07-01,9125000.0,6.5,100.0,6.5,357.0,,0x001035780A250173,,,,,,11406250.0
74443DKC4,2058-06-15,6080000.0,7.125,100.0,7.125,255.5,,0x001035302D370906,,,,,,11400000.0
13050CAC9,2046-07-01,11365000.0,6.25,100.015,6.245,368.5,,0x00103599751504D8,,,,,,11365000.0
83704MAZ9,2049-07-01,6480000.0,7.0,100.0,7.0,496.0,,0x0010359BF300034E,96.0125134879,7.3560410919,282.6,,MATY,11340000.0
91754T2G7,2058-04-15,9060000.0,6.5,96.676,6.75,307.0,,0x00106A83B5B500F9,,,,,,11325000.0
34061UCH9,2036-06-15,11265000.0,6.25,98.615,6.375,317.5,,0x0010353439B3009B,100.4029296852,5.7837945625,235.4,236.4,PARC,11265000.0
187145JU2,2023-08-15,12855000.0,6.125,100.0,6.125,337.0,412.79999999999995,0x0010353A2701023B,,,,,,11248125.0
744396BH4,2045-07-01,6230000.0,7.05,100.0,7.05,415.0,,0x001021005BE76EE3,,,,,,11213999.999999998
45470EDN2,2058-06-15,6405000.0,7.0,98.081,7.15,373.0,,0x001035CEEE950999,,,,,,11208750.0
13080KAU5,2045-06-01,7455000.0,6.75,100.0,6.75,365.0,,0x00102100D4CB604E,100.0464365064,6.7172191801,234.7,,MATY,11182500.0
12008EUX2,2053-04-15,6360000.0,7.0,97.561,7.2,265.0,,0x0010352129370913,101.3282872228,6.7746438327,217.5,,PARC,11130000.0
26940AAC9,2065-02-01,8790000.0,6.5,99.291,6.55,265.0,,0x00106AEE7E82026A,93.3237337843,7.0,238.0,,MATY,10987500.0
744396DR0,2048-06-15,7260000.0,6.75,100.0,6.75,343.0,,0x0010357172F601D1,94.7073279179,7.2252465714,272.5,,MATY,10890000.0
45129GKY0,2032-05-01,4810000.0,7.5,100.0,7.5,496.0,496.0,0x001035683B670819,86.8007657102,10.2396438345,739.0,741.0,MATY,10822500.0
915691AC3,2057-07-01,10765000.0,6.25,100.0,6.25,331.0,,0x0010356605BD06FD,,,,,,10765000.0
19909PAJ5,2056-06-15,4770000.0,7.5,93.0,8.102,645.2,,0x001035D6859D04EF,82.5258544436,9.215,459.5,,MATY,10732500.0
13080KAW1,2047-07-01,6100000.0,7.0,99.371,7.05,389.0,,0x001035C8955F0027,,,,,,10675000.0
12008EUU8,2058-04-15,6085000.0,7.0,96.841,7.25,270.0,,0x001035560335094C,105.7362415367,6.06,144.0,,PARC,10648750.0
04052BDC5,2033-07-01,8500000.0,6.5,100.0,6.5,418.1,,0x0010357E2766011B,100.3110317296,6.3265169811,338.7,338.7,MATY,10625000.0
45506DB53,2034-12-01,5880000.0,7.0,101.512,6.75,376.0,,0x001035CC4EBA001D,97.5589073382,7.3633287677,427.3,425.3,MATY,10290000.0
83704MDR4,2043-06-15,5835000.0,7.0,98.944,7.1,328.0,,0x0010354559590969,,,,,,10211250.0
74443DKG5,2030-06-15,4520000.0,7.5,100.0,7.5,456.0,456.0,0x001035025461091B,,,,,,10170000.0
14054WAC9,2053-12-15,8090000.0,6.5,99.332,6.55,267.0,,0x00103566F5E4085A,97.7685136393,6.6756438312,207.6,,MATY,10112500.0
744396EN8,2029-07-01,5735000.0,7.0,100.0,7.0,536.5,561.3,0x001035791CB902FB,95.120392058,8.4750903336,600.5,600.5,MATY,10036250.0
04052BPC2,2026-08-01,8000000.0,6.5,100.0,6.5,572.2,612.0,0x001035EB1D3D05EB,,,,,,10000000.0
041807AY4,2057-02-15,8000000.0,6.5,102.891,6.01,278.0,,0x00103564A5DA0638,95.81506809,6.824,220.4,,MATY,10000000.0
68607AAK7,2054-12-15,6655000.0,6.75,98.394,6.875,330.5,,0x001035912E020A92,92.5612830239,7.3716438312,276.2,,MATY,9982500.0
34061UMB1,2043-06-15,7195000.0,6.625,99.392,6.68,263.0,,0x001035B0FC210941,109.0488388952,5.0670821881,82.7,,PRMC,9893125.0
68607AAG6,2053-12-15,1465000.0,12.0,100.0,12.0,776.0500000000001,,0x001035F6C27A0962,,,,,,9888750.0
83704MDD5,2058-06-15,3290000.0,8.25,93.0,8.903,464.30000000000007,,0x001035E0B40D0975,,,,,,9870000.0
91912VAD9,2033-06-15,6235000.0,6.83,100.0,6.83,411.0,411.0,0x00106A650BA703B0,,,,,,9851300.0
34061UBW7,2025-06-15,4915000.0,7.25,100.0,7.25,438.3,490.5,0x00102100D7DC6258,,,,,,9830000.0
190779AJ7,2058-06-15,8655000.0,6.375,98.287,6.5,293.0,,0x00103574288509F5,95.3781051067,6.725,210.5,,MATY,9736875.0
83704MCR5,2053-06-15,5500000.0,7.0,100.0,7.0,331.0,,0x00103547F1C30858,,,,,,9625000.0
744396CH3,2047-07-01,5390000.0,7.0,98.459,7.125,443.5,,0x00103589691C01D8,79.8335660872,9.1446575347,468.5,,MATY,9432500.0
23981CAB4,2056-06-15,4175000.0,7.5,93.0,8.102,630.2,,0x00103570F7910437,77.2197641446,9.867,524.7,,MATY,9393750.0
83704MBD7,2055-06-15,5780000.0,6.875,100.0,6.875,513.5,,0x001035D7D61B043B,95.26219363,7.2646438399,264.5,,MATY,9392500.0
546399PN0,2062-06-01,8330000.0,6.375,98.92,6.45,327.0,,0x0010356028A306C8,,,,,,9371250.0
546399PJ9,2062-06-01,7490000.0,6.5,98.451,6.61,336.0,,0x001035E2C89B0692,,,,,,9362500.0
71781XCV3,2052-03-01,3735000.0,7.75,97.062,8.0,501.0,,0x001035ECCAE600E5,90.2975135029,8.6892876689,409.9,,MATY,9337500.0
13058TUR9,2064-06-15,10535000.0,6.125,98.166,6.25,238.0,,0x00106AB912AF017F,,,,,,9218125.0
83704MBR6,2056-06-15,4875000.0,7.125,100.0,7.125,537.5,,0x001035D293A904C9,,,,,,9140625.0
12008EUY0,2058-04-15,5220000.0,7.0,96.841,7.25,270.0,,0x0010352129370913,101.026320335,6.825,220.5,,PARC,9135000.0
82652UAQ5,2064-06-15,8050000.0,6.375,98.928,6.45,265.0,,0x00106AA6E9AD0098,,,,,,9056250.0
645912EX0,2052-11-01,7210000.0,6.5,105.442,5.77,249.0,,0x001035EC77F70148,,,,,,9012500.0
74443DKW0,2054-07-01,4000000.0,7.5,100.0,7.5,398.0,,0x00106A40AF7601E2,93.6811251741,8.0666438337,345.7,,MATY,9000000.0
56681NHM2,2044-07-01,8980000.0,6.25,99.423,6.3,309.0,,0x001035AA85B009B3,,,,,,8980000.0
83704MDC7,2033-06-01,2365000.0,9.0,100.0,9.0,476.99999999999994,605.0,0x001035D4B9DA089A,,,,,,8868750.0
83704MDP8,2058-06-15,2955000.0,8.25,93.0,8.903,464.30000000000007,,0x001035E0B40D0975,,,,,,8865000.0
74442ELK4,2053-10-01,8720000.0,6.25,98.657,6.35,264.0,,0x001035B7E978090A,102.7755757357,5.7106438358,111.1,,PARC,8720000.0
68607AAT8,2055-06-15,5805000.0,6.75,98.415,6.875,233.5,,0x00106ACB41F50306,97.4290089146,6.9557871524,233.6,,MATY,8707500.0
45506DB87,2034-12-01,4950000.0,7.0,101.512,6.75,376.0,,0x001035D1BBBB00F4,,,,,,8662500.0
23981CAA6,2056-06-15,7800000.0,6.36,93.0,6.89,509.0,,0x0010356FF7910428,75.4057616794,8.655,403.5,,MATY,8658000.000000002
57421CFF6,2063-07-01,8655000.0,6.25,100.277,6.2,272.0,,0x0010353FF87D0897,97.1052032263,6.455,183.5,,MATY,8655000.0
041807AX6,2052-02-15,7640000.0,6.375,102.964,5.875,264.5,,0x00103564A5DA0638,97.3580316932,6.5862876667,199.6,,MATY,8595000.0
83704MCS3,2058-06-15,4520000.0,7.125,100.0,7.125,343.5,,0x00103547F1C30858,,,,,,8475000.0
14043FAJ5,2059-06-15,6160000.0,6.625,100.0,6.625,272.5,,0x00106AD4DE320042,104.4702558827,5.97,135.0,,PARC,8470000.0
13058TRM4,2052-06-01,7415000.0,6.375,98.49,6.49,233.0,,0x001035B5B21B073E,100.4346323794,6.244287673,165.4,,PARC,8341875.0
13058PAA6,2043-06-15,4155000.0,7.25,100.0,7.25,354.0,,0x0010355708CA08B8,,,,,,8310000.0
83704MDM5,2058-06-15,2765000.0,8.25,93.0,8.903,464.30000000000007,,0x001035E0B40D0975,,,,,,8295000.0
74443DHC8,2050-02-01,9430000.0,6.125,100.0,6.125,372.5,,0x0010357C10470608,96.6501183248,6.500356166,271.0,,MATY,8251250.0
340618CP0,2037-05-15,7265000.0,6.375,100.0,6.375,342.5,,0x001035848E5C0073,88.95,7.822049059,426.2,427.2,MATY,8173125.0
13057JAC7,2046-12-01,5940000.0,6.625,100.0,6.625,348.5,,0x00103565E69D013A,93.4417930793,7.2295753396,281.0,,MATY,8167500.0
72177PBV1,2047-11-01,6500000.0,6.5,100.0,6.5,382.0,,0x001035E87A6201D4,96.4574224698,6.8100273956,235.0,,MATY,8125000.0
91754TTC7,2047-04-15,4640000.0,7.0,100.0,7.0,394.0,,0x001035B507EE0079,,,,,,8120000.0
54628CG63,2062-06-15,5895000.0,6.625,99.225,6.68,322.0,,0x001035B5A6C707F6,94.6178970228,7.035,241.5,,MATY,8105625.0
744396JF0,2053-07-01,5770000.0,6.625,99.664,6.65,274.0,,0x001035BF45D60801,97.8845957436,6.7946438337,219.5,,MATY,7933750.0
74443DCL3,2048-02-01,9035000.0,6.125,100.0,6.125,298.5,,0x0010352196A00133,98.572540966,6.2435479418,174.4,,MATY,7905625.0
14054CFR5,2060-06-15,9020000.0,6.125,100.0,6.125,253.5,,0x001035F710E80923,,,,,,7892500.0
14054WAR6,2060-06-15,9020000.0,6.125,100.0,6.125,253.5,,0x0010350AB8EE0970,101.4825631645,5.86,124.0,,MATY,7892500.0
74172VAQ1,2048-08-01,4500000.0,7.0,100.0,7.0,354.0,,0x0010359A4BF20107,105.0626229781,4.4498219144,-5.0,,MATY,7875000.0
13058TQP8,2062-04-01,6990000.0,6.375,100.0,6.375,299.5,,0x001035DF2092064E,,,,,,7863750.0
71781XDC4,2047-11-01,5785000.0,6.6,100.0,6.6,402.0,,0x001035F19E5B0110,84.5555931901,8.1071229753,364.7,,MATY,7809749.999999998
744396JB9,2063-07-15,6200000.0,6.5,100.0,6.5,281.0,,0x001035CAF0C708D0,104.4937106321,5.79,117.0,,PARC,7750000.0
82652UAT9,2057-06-01,8795000.0,6.125,98.258,6.25,246.0,,0x00106A9DE78C008C,92.4587434043,6.7,208.0,,MATY,7695625.0
74442EFQ8,2055-06-15,8790000.0,6.125,93.005,6.644,524.4,,0x0010351664450416,75.6536740499,8.3496438399,373.0,,MATY,7691250.0
74442ELE8,2043-07-01,5585000.0,6.625,100.335,6.56,271.0,,0x00103581BA560941,,,,,,7679375.0
71780CBL3,2051-12-01,5115000.0,6.75,97.0,6.99,498.0,,0x001035B39E160618,,,,,,7672500.0
34061ULV8,2050-06-15,5105000.0,6.75,98.456,6.875,327.5,,0x001035E8203407DE,102.3685914396,6.2632876742,171.3,,PARC,7657500.0
74443DFS5,2050-02-01,8705000.0,6.125,100.0,6.125,475.5,,0x0010359FEE8903DE,97.8011616382,6.369356166,257.9,,MATY,7616875.0
56681NHU4,2054-07-01,4000000.0,7.125,98.459,7.25,368.0,,0x001035045A020A73,92.0537437981,7.8216438337,321.2,,MATY,7500000.0
45506DM28,2048-07-01,8520000.0,6.125,100.905,6.0,298.0,,0x0010351BA6D6014F,99.7681516166,6.1436849329,164.4,,MATY,7455000.0
72177MRF6,2045-07-01,4200000.0,7.0,100.0,7.0,488.0,,0x001035A3856C006F,81.5969967144,9.0012191811,463.1,,MATY,7350000.0
546399PS9,2062-06-01,7120000.0,6.25,98.12,6.38,277.0,,0x00103527F9F1060C,94.8418670822,6.625,200.5,,MATY,7120000.0
19909PAF3,2057-06-15,3150000.0,7.5,93.0,8.099,633.9,,0x0010358176970441,82.461519407,9.211,459.1,,MATY,7087500.0
83704MEP7,2045-06-15,6270000.0,6.375,100.13,6.35,299.0,,0x00106A46F30A02C7,94.8380818501,6.8532191819,248.3,,MATY,7053750.0
74443DAQ4,2047-07-01,5615000.0,6.5,100.0,6.5,392.0,,0x001035666C370018,100.2076410398,6.4206575347,196.1,,MATY,7018750.0
744396JG8,2058-07-01,4620000.0,6.75,99.72,6.77,286.0,,0x001035BF45D60801,97.8634035876,6.915,229.5,,MATY,6930000.0
19909PAE6,2057-06-15,6185000.0,6.37,93.0,6.897,513.7,,0x0010358076970440,86.6946287208,7.469,284.9,,MATY,6927200.000000001
744396EJ7,2047-06-15,5540000.0,6.5,100.0,6.5,421.0,,0x0010355BAC470297,,,,,,6925000.0
19645RZ61,2046-12-15,3940000.0,7.0,100.0,7.0,472.0,,0x001035CE628C0005,,,,,,6895000.0
74442ELL2,2058-10-01,6885000.0,6.25,97.906,6.4,269.0,,0x001035B7E978090A,95.1054520166,6.615,199.5,,MATY,6885000.0
83704MET9,2032-01-15,1020000.0,12.0,100.0,12.0,798.0,879.0,0x00106A380A5D0316,99.2194971217,12.1754616947,932.5,937.5,MATY,6885000.0
13059THU6,2050-07-01,5475000.0,6.5,100.0,6.5,367.0,,0x001035780A250173,100.071665539,6.4582876719,190.8,,PARC,6843750.0
74442EFR6,2055-06-15,2680000.0,7.75,93.0,8.373,697.3,,0x0010351764450417,78.1090654976,10.0776438399,545.8,,MATY,6700000.0
744396EG3,2044-07-15,4460000.0,6.75,100.0,6.75,447.0,,0x00103512B63C02BF,84.1380387303,8.4402191829,412.0,,MATY,6690000.0
74442EFG0,2050-06-15,5350000.0,6.5,100.0,6.5,487.0,,0x001035C2FA94038A,85.6729276866,7.8132876742,326.3,,MATY,6687500.0
74442EJV3,2025-08-01,2970000.0,7.5,100.0,7.5,434.4,558.6,0x0010354426AA06EB,99.9203326239,9.3319643909,687.2,687.2,MATY,6682500.0
50376FAZ0,2049-09-01,5345000.0,6.5,100.0,6.5,415.0,,0x001035A725BD0218,,,,,,6681250.0
34061UMA3,2038-06-15,5210000.0,6.5,100.0,6.5,266.0,,0x001035B0FC210941,109.9943466655,4.7455479479,105.6,105.6,PRMC,6512500.0
04052BTQ7,2053-02-01,4000000.0,6.875,100.0,6.875,235.50000000000006,,0x00106AA587DD0386,,,,,,6500000.0
04052BHH0,2039-06-01,5760000.0,6.375,100.0,6.375,346.5,,0x0010359D1B0302A2,62.95,11.8879363222,809.8,,MATY,6480000.0
13058TRJ1,2062-07-01,6465000.0,6.25,97.836,6.4,267.0,,0x001035B8D9F506B7,96.9872883796,6.465,184.5,,MATY,6465000.0
83704MDL7,2058-06-15,2155000.0,8.25,93.0,8.903,464.30000000000007,,0x001035E0B40D0975,,,,,,6465000.0
744396DK5,2048-07-01,3670000.0,7.0,100.0,7.0,405.0,,0x001035E163A70101,84.7137112086,8.5276849329,402.8,,MATY,6422500.0
14043RAC4,2042-06-15,1690000.0,9.0,100.0,9.0,445.0,,0x00106A6072A403CF,,,,,,6337500.0
02757GAA3,2046-12-01,3600000.0,7.0,100.0,7.0,418.0,,0x001035790A250172,101.3416171652,6.3775753396,195.8,,PARC,6300000.0
04052BJG0,2039-06-15,4940000.0,6.5,100.0,6.5,436.0,,0x001035CBAF3C027F,102.4377639013,5.7930274001,200.3,,PRMC,6175000.0
50376HAH6,2031-06-15,2240000.0,8.0,99.301,8.125,398.50000000000006,568.5,0x0010351C05B9098C,,,,,,6160000.0
52349KBT2,2033-06-15,2445000.0,7.75,100.0,7.75,359.99999999999994,529.0,0x001035A3CEBD09FC,,,,,,6112500.0
74442EHX1,2062-06-15,3655000.0,6.897,93.5,7.404,538.4,,0x0010357527100661,,,,,,6019785.000000001
744396JU7,2053-06-15,3420000.0,7.0,100.858,6.875,288.0,,0x001035C2C6580970,,,,,,5985000.0
14054YAE1,2031-06-01,3985000.0,6.75,100.0,6.75,307.0,417.0,0x00106A9CF2120107,,,,,,5977500.0
546399PM2,2052-06-01,5940000.0,6.25,99.722,6.27,309.0,,0x0010356028A306C8,,,,,,5940000.0
546399PH3,2052-06-01,5270000.0,6.375,99.134,6.44,319.0,,0x001035E2C89B0692,,,,,,5928750.0
14054WAS4,2044-06-15,3380000.0,7.0,99.46,7.05,358.0,,0x00106A9DE5470045,97.3750256833,7.2564383563,293.6,,MATY,5915000.0
74442EGX2,2051-12-01,5825000.0,6.25,100.0,6.25,472.0,,0x00103520A15005F1,99.6797636587,6.2742876703,170.4,,MATY,5825000.0
13059TEJ4,2037-07-01,5790000.0,6.25,100.0,6.25,347.0,347.0,0x001035780A250173,,,,,,5790000.0
68607AAJ0,2044-12-15,4630000.0,6.5,99.423,6.55,330.0,,0x001035912E020A92,93.5805033722,7.1142191788,279.4,,MATY,5787500.0
13058TUZ1,2040-06-01,3305000.0,7.0,101.456,6.6,337.0,,0x00106A67639B02E7,101.0793640388,6.6760821962,277.6,,PARC,5783750.0
72177PBL3,2048-02-01,4600000.0,6.5,100.0,6.5,397.0,,0x001035B9FF370054,,,,,,5750000.0
19645R2B6,2046-12-15,3280000.0,7.0,100.0,7.0,472.0,,0x00103552318C00CA,,,,,,5740000.0
12008EUS3,2043-04-15,3810000.0,6.75,97.359,7.0,267.0,,0x001035560335094C,106.7804047085,5.6560821897,141.6,,PARC,5715000.0
13058TVJ6,2045-04-15,3800000.0,6.75,99.457,6.8,237.0,,0x00106A78933403A6,100.8514125087,6.6282191763,225.8,,MATY,5700000.0
72177PBU3,2047-06-15,6365000.0,6.125,100.0,6.125,309.5,,0x001035AE3BCE007E,90.5230756237,6.9745753375,251.5,,MATY,5569375.0
14054CDP1,2056-06-15,4030000.0,6.625,95.0,7.008,564.8,,0x001035FAF98304A1,73.7906872704,9.193,457.3,,MATY,5541250.0
744396HH8,2051-12-15,6330000.0,6.125,100.0,6.125,321.5,,0x0010350B7C7F062B,93.0524216754,6.688287667,211.8,,MATY,5538750.0
744396HL9,2042-06-01,4425000.0,6.5,99.879,6.51,340.0,,0x00103582C9A106C9,96.0500928846,6.8987260295,276.9,,MATY,5531250.0
72177PBG4,2045-12-01,5500000.0,6.25,100.0,6.25,341.0,,0x00102100EB7D72D5,100.7883627026,4.0836027129,-28.6,,MATY,5500000.0
50376HAF0,2030-06-15,2195000.0,7.75,100.0,7.75,412.9,553.0,0x00103539CC2008F8,,,,,,5487500.0
74442EJY7,2057-06-15,6230000.0,6.125,98.923,6.2,291.5,,0x001035EC7DD50667,97.3518203414,5.9375479479,237.8,238.8,MATY,5451250.0
13058TQQ6,2042-04-01,2405000.0,7.5,100.0,7.5,378.79999999999995,,0x001035E020920671,,,,,,5411250.0
91873TAC3,2053-12-01,4315000.0,6.5,100.0,6.5,333.0,,0x001035FB4C000290,,,,,,5393750.0
74442EFE5,2048-12-01,3070000.0,7.0,100.0,7.0,539.0,,0x001035D9FF910391,96.6810054893,7.2969315104,279.7,,MATY,5372500.0
54628CG55,2053-06-15,4740000.0,6.375,98.602,6.48,302.0,,0x001035B5A6C707F6,95.7226498592,6.7156438399,211.6,,MATY,5332500.0
26940AAB1,2055-02-01,4710000.0,6.375,99.269,6.43,253.0,,0x00106AEE7E82026A,93.6556700318,6.8796438327,226.0,,MATY,5298750.0
67868QAL6,2053-07-01,4700000.0,6.375,98.346,6.5,308.0,,0x001035D61C610789,99.7030964617,6.3976438337,179.8,,MATY,5287500.0
50376FAK3,2027-08-01,3000000.0,7.0,100.0,7.0,474.6,499.7,0x001035696B0B012D,97.3406970448,8.4422045306,598.2,598.2,MATY,5250000.0
50376FAL1,2027-08-01,3000000.0,7.0,100.0,7.0,474.6,499.7,0x001035696B0B012D,97.3406970448,8.4422045306,598.2,598.2,MATY,5250000.0
50376FAM9,2027-08-01,3000000.0,7.0,100.0,7.0,474.6,499.7,0x001035696B0B012D,97.3406970448,8.4422045306,598.2,598.2,MATY,5250000.0
50376FAN7,2027-08-01,3000000.0,7.0,100.0,7.0,474.6,499.7,0x001035696B0B012D,97.3406970448,8.4422045306,598.2,598.2,MATY,5250000.0
45129GDK8,2028-07-15,3500000.0,6.75,100.0,6.75,460.0,457.5,0x0010357EEF0602B0,,,,,,5250000.0
45129GDL6,2028-07-15,3500000.0,6.75,100.0,6.75,518.0,517.5,0x001035F7853C0269,,,,,,5250000.0
744396HM7,2052-06-01,3795000.0,6.625,99.667,6.65,355.0,,0x00103582C9A106C9,94.6534799794,7.163,254.3,,MATY,5218125.0
83704MCL8,2030-03-15,900000.0,11.0,100.0,11.0,736.0,893.0,0x00103512F20808C5,,,,,,5175000.0
56681NHD2,2053-07-01,1865000.0,8.0,100.376,7.25,337.0,,0x001035FCC36C087E,,,,,,5128750.0
04052BNY6,2061-06-15,4957114.0,6.277,95.0,6.634,528.4000000000001,,0x0010353001200531,,,,,,5090956.078000001
19645UQB3,2053-07-01,4955000.0,6.25,100.0,6.25,289.0,,0x001035F1DE3E083C,96.735245633,6.5046438337,190.5,,MATY,4955000.0
74172VAR9,2048-08-01,2830000.0,7.0,100.0,7.0,354.0,,0x001035C12EF30138,106.0275596207,3.7078219144,-79.2,,MATY,4952500.0
12008EUW4,2043-04-15,3290000.0,6.75,97.359,7.0,267.0,,0x0010352129370913,101.3632933711,6.5210821897,228.1,,PARC,4935000.0
744396JQ6,2058-06-15,2795000.0,7.0,100.0,7.0,275.5,,0x001035C2C6580970,,,,,,4891250.0
34061UGE2,2050-06-15,5570000.0,6.125,100.0,6.125,459.1,,0x00103579D23704BD,83.5514798871,7.6060722243,305.6,,MATY,4873750.0
45204FTX3,2048-01-01,4330000.0,6.375,100.0,6.375,295.5,,0x0010355A645A0746,,,,,,4871250.0
72177MQW0,2045-07-01,5550000.0,6.125,98.312,6.25,318.0,,0x00102100D2E1ABA9,99.4474794626,6.1732191811,180.3,,MATY,4856250.0
83704MDF0,2058-06-15,1615000.0,8.25,93.0,8.903,464.30000000000007,,0x001035E0B40D0975,,,,,,4845000.0
83704MDG8,2058-06-15,1615000.0,8.25,93.0,8.903,464.30000000000007,,0x001035E0B40D0975,,,,,,4845000.0
45129GDJ1,2028-07-15,3000000.0,6.86,100.0,6.86,424.0,424.7,0x001035A207E00161,,,,,,4830000.000000001
34061UCN6,2046-06-15,5520000.0,6.125,98.583,6.23,319.0,,0x0010353CD9C60006,99.3470545389,6.1804795019,176.0,,MATY,4830000.0
14054CAX7,2048-08-15,5075000.0,6.2,100.0,6.2,314.0,,0x001035B8738C0163,85.1426135723,7.5709315027,307.1,,MATY,4821250.000000001
71781XDB6,2037-11-01,3935000.0,6.47,100.0,6.47,402.0,,0x001035F19E5B0110,92.735040388,7.3773384706,381.7,379.7,MATY,4800699.999999999
19645RZ79,2046-12-15,2720000.0,7.0,100.0,7.0,472.0,,0x001035C65A8C0035,,,,,,4760000.0
447410AD3,2045-11-01,3125000.0,6.75,100.0,6.75,359.0,,0x001021009D00FA56,,,,,,4687500.0
74442EFU9,2056-06-15,1555000.0,8.25,94.0,8.89,718.0,,0x00103525DE97044D,77.9643659287,10.705,608.5,,MATY,4665000.0
744396DP4,2048-07-01,2655000.0,7.0,100.0,7.0,405.0,,0x001035AA7FEF011E,99.1424671749,7.0756849329,257.6,,MATY,4646250.0
74442EFH8,2030-06-15,2050000.0,7.5,100.0,7.5,686.2,660.0,0x001035C3FA94038B,90.8525931934,9.8919134159,734.2,734.2,MATY,4612500.0
34061UGW2,2031-06-15,1530000.0,8.25,93.0,9.314,827.4,855.4,0x0010358A2F7104F5,,,,,,4590000.0
82652UAP7,2054-06-15,4350000.0,6.3,100.0,6.3,250.0,,0x00106AA6E9AD0098,,,,,,4567499.999999999
13058TRH5,2052-07-01,5200000.0,6.125,98.309,6.25,252.0,,0x001035B8D9F506B7,96.9292663599,6.3644246537,177.4,,MATY,4550000.0
19645UTV6,2032-06-15,5175000.0,6.125,100.0,6.125,306.5,306.5,0x00106AB7C9660361,,,,,,4528125.0
546399PR1,2052-06-01,5145000.0,6.125,98.577,6.23,262.0,,0x00103527F9F1060C,95.5693155785,6.474287673,188.4,,MATY,4501875.0
14054CAY5,2053-08-15,3955000.0,6.375,100.0,6.375,331.5,,0x001035B8738C0163,84.4801988586,7.736643837,313.7,,MATY,4449375.0
13059QAQ8,2034-11-01,1425000.0,8.33,100.0,8.33,388.99999999999994,539.0,0x00106AF68DC901C9,99.8986100452,8.3426579435,525.3,523.3,MATY,4389000.0
19645UQV9,2030-07-01,2000000.0,7.43,100.0,7.43,412.0,412.0,0x001035A53420099D,,,,,,4359999.999999999
74442EKZ2,2050-06-15,2885000.0,6.75,93.0,7.35,346.0,,0x0010354BFAF2086E,,,,,,4327500.0
852297BC3,2045-10-01,4275000.0,6.25,100.0,6.25,315.0,,0x00102100C07C5AD7,,,,,,4275000.0
14054WAB1,2043-12-15,4275000.0,6.25,98.856,6.35,270.0,,0x00103566F5E4085A,98.4114410227,6.3974109581,215.7,,MATY,4275000.0
74442EBL3,2026-02-01,3395000.0,6.5,100.0,6.5,480.5,479.0,0x001035CE9F1C0068,99.8079552098,6.8591748767,439.9,439.9,MATY,4243750.0
83704MCQ7,2043-06-15,2820000.0,6.75,100.0,6.75,329.0,,0x00103547F1C30858,,,,,,4230000.0
68607AAD3,2052-06-15,2410000.0,7.0,100.0,7.0,338.0,,0x001035125D36075B,,,,,,4217500.0
74443DFU0,2039-02-01,4810000.0,6.125,100.0,6.125,451.5,,0x0010359FEE8903DE,93.2158241526,6.69128767,214.1,,MATY,4208750.0
83704MDK9,2058-06-15,1400000.0,8.25,93.0,8.903,464.30000000000007,,0x001035E0B40D0975,,,,,,4200000.0
424685AJ4,2033-02-01,3435000.0,6.47,100.0,6.47,377.0,,0x001035ECFEB70181,103.2779932376,5.0776849323,213.8,214.8,PARC,4190699.999999999
34061ULX4,2031-06-15,1385000.0,8.25,100.0,8.25,482.8,622.0,0x0010357F4618080C,,,,,,4155000.0
14054CFE4,2061-06-15,3245000.0,6.53,97.0,6.748,509.80000000000007,,0x001035737FC005EC,,,,,,4153600.000000001
57421CFE9,2053-07-01,4745000.0,6.125,100.306,6.07,259.0,,0x0010353FF87D0897,97.393331832,6.3246438337,172.5,,MATY,4151875.0
34061ULR7,2032-08-01,720000.0,11.0,100.0,11.0,788.4,841.0,0x001035F441DD064B,,,,,,4140000.0
34061UDP0,2046-06-15,4715000.0,6.125,98.628,6.23,427.0,,0x0010358E68920253,100.1791788175,5.9134795019,149.3,,PARC,4125625.0
45470EDL6,2043-06-15,4125000.0,6.25,94.625,6.75,367.0,,0x001035CEEE950999,,,,,,4125000.0
13058TRL6,2042-06-01,4120000.0,6.25,99.104,6.33,241.0,,0x001035B5B21B073E,100.4653655604,6.1107260295,198.1,,PARC,4120000.0
04052BCV4,2050-11-01,4090000.0,6.25,100.0,6.25,357.0,,0x001035220B5F0152,91.072,7.0073813544,245.7,,MATY,4090000.0
74443DHE4,2039-02-01,4660000.0,6.125,100.0,6.125,357.5,,0x0010357C10470608,91.800818361,6.81728767,226.7,,MATY,4077500.0
246387RL0,2025-09-01,4075000.0,6.25,100.0,6.25,451.0,446.5,0x00102100450EC3B9,,,,,,4075000.0
14043FAH9,2054-06-15,3260000.0,6.5,100.0,6.5,260.0,,0x00106AD4DE320042,103.6184521831,5.9696438399,136.0,,PARC,4075000.0
56681NGQ4,2056-06-15,3960000.0,6.273,93.0,6.8,507.0,,0x001035FA1A7805B8,,,,,,4051079.9999999986
13058TQN3,2052-04-01,4010000.0,6.25,100.0,6.25,287.0,,0x001035DF2092064E,,,,,,4010000.0
14054CCX5,2043-07-01,3975000.0,6.25,100.0,6.25,487.6,,0x00103570E5930320,88.8387371466,7.381337762,314.1,,MATY,3975000.0
45129GNE1,2045-09-15,3975000.0,6.25,100.0,6.25,243.0,,0x00106A4ACAEA0212,95.814405205,6.6282191822,225.8,,MATY,3975000.0
34061ULT3,2042-06-15,3025000.0,6.56,100.0,6.56,315.0,,0x001035E8203407DE,103.1153692074,5.9267260297,179.7,,PARC,3962749.9999999986
83704MDE3,2058-06-15,1295000.0,8.25,93.0,8.903,464.30000000000007,,0x001035E0B40D0975,,,,,,3885000.0
83704MDJ2,2058-06-15,1295000.0,8.25,93.0,8.903,464.30000000000007,,0x001035E0B40D0975,,,,,,3885000.0
424685AL9,2027-02-01,1945000.0,7.24,100.0,7.24,431.6,484.4,0x001035E1FFB7018D,100.2650753113,7.0521818187,459.2,459.2,MATY,3870550.0000000005
52349KBS4,2042-06-15,3850000.0,6.25,98.648,6.375,318.5,,0x001035A2CEBD09FD,,,,,,3850000.0
74442EKB5,2048-06-15,2550000.0,6.75,91.0,7.547,384.69999999999993,,0x0010350CE3F6063A,,,,,,3825000.0
852297DQ0,2057-06-01,3055000.0,6.5,100.0,6.5,312.0,,0x0010357B8093064B,,,,,,3818750.0
34061UHW1,2056-06-15,3560000.0,6.32,95.0,6.691,516.1,,0x0010356C2E4E052C,,,,,,3809200.000000001
744396EE8,2048-07-01,2170000.0,7.0,100.0,7.0,446.0,,0x0010354AB82B02FE,99.1424671749,7.0756849329,257.6,,MATY,3797500.0
744396BG6,2034-07-01,2430000.0,6.8,100.0,6.8,409.0,,0x001021005BE76EE3,,,,,,3766499.9999999995
744396HW5,2029-07-15,1000000.0,9.0,100.0,9.0,587.0,587.0,0x0010357E36FC0697,100.1214097442,6.5621974195,409.2,409.2,PARC,3750000.0
13069AAW8,2027-06-01,3000000.0,6.5,100.0,6.5,258.59999999999997,379.0,0x0010357CF86C08C5,90.4961179642,12.2460747307,978.6,978.6,MATY,3750000.0
83704MDU7,2032-06-15,1150000.0,8.5,100.0,8.5,405.67,547.0,0x0010357B5B590955,,,,,,3737500.0
13057HAC1,2047-06-15,3725000.0,6.25,98.326,6.375,336.5,,0x0010353E19ED00EF,87.8519647785,7.3755753375,291.6,,MATY,3725000.0
34061UBX5,2020-06-15,4230000.0,6.125,100.0,6.125,490.09999999999997,511.0,0x00102100D7DC6258,,,,,,3701250.0
74443DKH3,2030-06-15,775000.0,10.0,100.0,10.0,555.3399999999999,706.0,0x001035035461091A,,,,,,3681250.0
74442EKU3,2033-01-15,640000.0,11.0,100.0,11.0,750.4,862.0,0x0010353C75F4079F,,,,,,3680000.0
13058TVB3,2032-06-01,640000.0,11.0,100.0,11.0,659.0,826.0,0x00106A68639B02E8,100.7897188512,10.8284866862,797.8,798.8,MATY,3680000.0
56681MAG4,2029-02-01,3595000.0,6.25,100.0,6.25,417.0,417.0,0x001035DBF516021F,,,,,,3595000.0
83704MDH6,2058-06-15,1185000.0,8.25,93.0,8.903,464.30000000000007,,0x001035E0B40D0975,,,,,,3555000.0
83704MDN3,2058-06-15,1185000.0,8.25,93.0,8.903,464.30000000000007,,0x001035E0B40D0975,,,,,,3555000.0
130591BK5,2032-07-01,1420000.0,7.75,100.0,7.75,419.5,549.0,0x001035A4BF030835,101.238439188,7.4874036913,463.7,463.7,PARC,3550000.0
61075TXX1,2030-07-01,2365000.0,6.75,100.0,6.75,312.0,433.0,0x00106A85D4380112,98.1661336516,7.1951870086,464.5,464.5,MATY,3547500.0
14043RAD2,2042-06-15,940000.0,9.0,100.0,9.0,445.0,,0x00106A9C5C9C0325,,,,,,3525000.0
74172VAK4,2038-08-01,3895000.0,6.15,100.0,6.15,298.0,,0x001035D71DB3005C,,,,,,3505500.0000000014
744396JE3,2043-07-01,3075000.0,6.375,99.155,6.45,277.0,,0x001035BF45D60801,97.6352505149,6.6013561629,236.1,,MATY,3459375.0
744396HQ8,2047-06-01,2765000.0,6.5,98.776,6.6,340.0,,0x00103582C9A106C9,93.5181449435,7.171287673,258.1,,MATY,3456250.0
13059THQ5,2037-07-01,3410000.0,6.25,100.0,6.25,357.0,,0x001035780A250173,106.6187158274,2.7541917834,-80.6,-80.6,MATY,3410000.0
13058TRP7,2032-06-01,1505000.0,7.5,100.0,7.5,347.6,409.0,0x001035B6B21B073D,103.5961370853,6.4334315288,358.3,359.3,PARC,3386250.0
83704MCN4,2033-03-15,585000.0,11.0,100.0,11.0,745.5,864.0,0x0010350F871808BD,,,,,,3363750.0
018433AK8,2029-07-01,1115000.0,8.25,98.137,8.5,577.0,609.0,0x001035CDD82E011F,,,,,,3345000.0
72177MQQ3,2045-07-01,2225000.0,6.75,100.0,6.75,391.0,,0x00102100656A7F41,,,,,,3337500.0
744396JA1,2053-07-15,3335000.0,6.25,98.925,6.33,264.0,,0x001035CAF0C708D0,103.2363191639,5.7396438321,114.0,,PARC,3335000.0
19645RK34,2046-06-01,2655000.0,6.5,100.0,6.5,364.0,,0x001035A02F230089,97.5594612129,6.7182191801,229.8,,MATY,3318750.0
74442EKH2,2062-06-15,2200000.0,6.75,91.0,7.462,372.19999999999993,,0x001035141A06072A,,,,,,3300000.0
072325AC7,2046-01-15,1735000.0,7.125,100.0,7.125,444.5,,0x00102100EE614CF2,,,,,,3253125.0
74442EKC3,2056-06-15,2150000.0,6.75,91.0,7.486,374.6,,0x0010353FEF0007F2,,,,,,3225000.0
74442EKE9,2059-06-15,2150000.0,6.75,91.0,7.472,373.20000000000005,,0x001035111A06072F,,,,,,3225000.0
13067RDA8,2032-11-15,670000.0,10.0,100.0,10.0,618.4000000000001,769.0,0x00103552EAB20728,,,,,,3182500.0
744396KK7,2034-07-15,1860000.0,6.9,100.0,6.9,350.0,348.0,0x00106A700E4B034C,100.6771848242,6.7607123253,367.1,367.1,MATY,3069000.0000000005
13049AAP8,2032-06-15,2635000.0,6.4,100.0,6.4,548.9,556.0,0x001035687C49047C,96.7346528175,7.0024222352,415.2,416.2,MATY,3030250.000000001
67868QAK8,2048-07-01,3460000.0,6.125,96.563,6.4,302.0,,0x001035D61C610789,98.0455052425,6.2866849329,178.7,,MATY,3027500.0
01843AAP1,2029-07-01,2260000.0,6.56,100.0,6.56,244.0,388.0,0x00106A68C6AB017E,100.9188468585,6.2930267453,382.3,382.3,MATY,2960599.999999999
60375CAP9,2037-07-01,2940000.0,6.25,100.0,6.25,367.0,,0x001035A7322C019D,95.5793290746,6.7954246601,323.5,323.5,MATY,2940000.0
12008ELU8,2046-07-01,2905000.0,6.25,100.0,6.25,420.0,,0x001035DDB15F0016,100.8033596589,5.3753013729,95.5,,PARC,2905000.0
744396KN1,2035-03-31,430000.0,12.0,100.0,12.0,777.0,872.0,0x00106A879D600303,,,,,,2902500.0
26940AAA3,2045-02-01,2890000.0,6.25,99.097,6.33,264.0,,0x00106AEE7E82026A,94.4250786873,6.7682191763,239.8,,MATY,2890000.0
744396JV5,2034-06-15,2300000.0,6.5,100.0,6.5,377.0,377.0,0x00106A67C8530086,,,,,,2875000.0
130591AX8,2046-07-01,2500000.0,6.375,100.0,6.375,318.5,,0x00102100D90AA94B,,,,,,2812500.0
744396GF3,2044-07-15,1855000.0,6.75,100.0,6.75,529.0,,0x00103519AEBC042A,96.7716247754,7.0612191829,274.1,,MATY,2782500.0
340618CQ8,2024-05-15,735000.0,9.0,100.0,9.0,681.9,706.0,0x001035858E5C0072,,,,,,2756250.0
19645UQR8,2030-07-01,1220000.0,7.5,100.0,7.5,277.4,410.0,0x001035A606140998,,,,,,2745000.0
74442EKW9,2048-06-15,2740000.0,6.25,98.444,6.375,280.5,,0x001035D69E5B083E,,,,,,2740000.0
447410AC5,2039-11-01,2425000.0,6.375,97.496,6.582,353.19999999999993,,0x001021009D00FA56,,,,,,2728125.0
817245AM5,2029-07-01,1000000.0,7.95,100.0,7.95,368.00000000000006,510.0,0x00106A10009600FC,,,,,,2700000.0
91588XAN6,2032-03-01,975000.0,8.0,100.0,8.0,444.6,564.0,0x0010355937EB07A7,,,,,,2681250.0
74443DHL8,2030-05-01,820000.0,8.5,100.0,8.5,574.9000000000001,591.0,0x001035D1487F06C5,,,,,,2665000.0
13069ABF4,2031-06-01,1375000.0,7.125,100.0,7.125,279.5,440.5,0x00106A93D1D901E0,101.77217161,6.75226694,405.2,405.2,MATY,2578125.0
744396JP8,2043-06-15,2055000.0,6.5,98.903,6.6,275.0,,0x001035C2C6580970,,,,,,2568750.0
19645UQU1,2028-07-01,760000.0,8.62,99.502,8.745,413.79999999999984,545.4999999999999,0x00103597332009A8,102.6520339046,7.599789626,513.0,513.0,MATY,2561199.9999999995
645438BZ4,2053-08-15,2275000.0,6.375,100.0,6.375,288.5,,0x00103543DB89083C,,,,,,2559375.0
67868QAM4,2031-07-01,1545000.0,6.9,99.201,7.026,357.2,456.4,0x001035D71C610788,100.8819365942,6.5051831336,380.5,380.5,PARC,2549250.0000000005
74442EFF2,2040-06-15,2530000.0,6.25,100.0,6.25,482.0,,0x001035C2FA94038A,88.5556140086,7.5400821881,364.0,,MATY,2530000.0
74443DMF5,2030-05-01,920000.0,8.0,100.0,8.0,393.0,508.0,0x00106A59DF8B0374,100.3814128547,7.9015888545,535.2,535.2,MATY,2530000.0
74443DJU6,2031-12-01,715000.0,8.75,100.0,8.75,526.8,628.0,0x001035F7E0660753,,,,,,2502500.0
817245AK9,2044-07-01,2490000.0,6.25,98.209,6.41,300.0,,0x00106A08009600E4,,,,,,2490000.0
74442EFN5,2056-12-15,2460000.0,6.25,96.0,6.542,506.19999999999993,,0x00103543B1A8057A,,,,,,2460000.0
979134BC6,2036-07-01,885000.0,8.0,98.212,8.25,382.0,487.0,0x00106AC08F080439,97.7634605385,8.3164136381,488.6,488.6,MATY,2433750.0
14054WAF2,2030-06-30,1080000.0,7.5,100.0,7.5,422.0,422.0,0x0010357C3F44092B,,,,,,2430000.0
744396KB7,2039-06-01,1935000.0,6.5,100.0,6.5,341.0,,0x00106A8316E90107,95.6335032797,6.9956438349,320.6,,MATY,2418750.0
14054CAW9,2038-08-15,2800000.0,6.1,100.0,6.1,317.0,,0x001035B8738C0163,88.5293461366,7.4896986342,380.0,380.0,MATY,2379999.999999999
45506DB46,2024-12-01,2355000.0,6.25,101.557,6.0,373.0,373.0,0x001035CC4EBA001D,,,,,,2355000.0
12008EUZ7,2028-04-15,785000.0,8.25,100.0,8.25,334.26,476.0,0x001035570335094D,100.9058508165,7.8687297389,539.9,539.9,MATY,2355000.0
13067RCY7,2037-11-15,1000000.0,7.6,100.0,7.6,468.0,,0x0010352088B20738,,,,,,2349999.9999999995
74442EKR0,2051-12-01,1775000.0,6.57,100.0,6.57,309.0,,0x001035B3FF7D0713,,,,,,2343000.0000000005
54628CG48,2038-06-15,1865000.0,6.5,102.254,6.11,302.0,,0x001035B5A6C707F6,100.0364662866,6.4895479479,280.0,280.0,PARC,2331250.0
83704MDQ6,2030-06-15,515000.0,9.75,93.0,11.257,656.5,795.7,0x001035E1B40D0974,98.8155370882,10.056925146,750.7,750.7,MATY,2317500.0
71781XCU5,2042-03-01,1060000.0,7.4,97.223,7.65,471.0,,0x001035ECCAE600E5,95.431979149,7.8967260248,376.7,,MATY,2279000.0000000005
74442ELB4,2055-06-15,1515000.0,6.75,93.0,7.32,340.0,,0x001035B3BFF808D9,,,,,,2272500.0
74442ELC2,2058-06-15,1495000.0,6.75,93.0,7.308,338.79999999999995,,0x001035B4BFF808DE,,,,,,2242500.0
04052BTP9,2045-02-01,1630000.0,6.625,100.0,6.625,232.5,,0x00106AA587DD0386,99.2761360129,6.6922191763,232.2,,MATY,2241250.0
68607AAC5,2042-06-15,1490000.0,6.75,100.0,6.75,334.0,,0x001035125D36075B,,,,,,2235000.0
645912EW2,2038-11-01,2225000.0,6.25,105.117,5.57,245.0,,0x001035EC77F70148,101.8143832805,5.6348356175,194.5,194.5,PARC,2225000.0
424682KM3,2029-12-01,2470000.0,6.15,100.0,6.15,450.0,446.0,0x001035D2723602B1,100.7312468845,5.9581506815,348.8,346.8,MATY,2223000.000000001
45129GNG6,2033-09-15,1105000.0,7.25,100.0,7.25,296.0,442.0,0x00106A4BCAEA0213,99.3116727197,7.3612011165,442.1,442.1,MATY,2210000.0
14043FAG1,2044-06-15,2520000.0,6.125,100.0,6.125,255.5,,0x00106AD4DE320042,103.3806738544,5.6364383563,131.6,,PARC,2205000.0
13058TUS7,2032-06-15,875000.0,7.75,100.0,7.75,348.00000000000006,488.0,0x00106ABA12AF017C,,,,,,2187500.0
34061UDD7,2046-06-15,2480000.0,6.125,98.604,6.23,331.0,,0x001035F17D9C0134,84.8445423283,7.5802191819,316.0,,MATY,2170000.0
744396EV0,2025-03-15,1220000.0,7.0,100.0,7.0,652.5,598.0,0x00103543F25203C5,,,,,,2135000.0
91754TVE0,2047-07-15,1540000.0,6.625,98.504,6.741,392.0999999999999,,0x001035BFB44B0164,70.0,10.0292240146,556.9,,MATY,2117500.0
25483VC44,2028-06-01,1030000.0,7.25,100.0,7.25,313.0,480.0,0x0010359530D7095E,101.0887742953,6.8221203488,435.2,435.2,MATY,2060000.0
13059THT9,2037-07-01,2045000.0,6.25,100.0,6.25,367.0,,0x001035780A250173,107.3598097391,2.6191917834,-193.1,,MATY,2045000.0
74442EKD1,2057-06-15,1350000.0,6.75,91.0,7.481,374.1,,0x001035101A06072E,,,,,,2025000.0
71781XCX9,2032-03-01,665000.0,8.25,97.895,8.5,615.7,,0x001035F1CAE600F8,97.5957853997,8.7322413048,588.2,591.2,MATY,1995000.0
45506DB79,2024-12-01,1980000.0,6.25,101.557,6.0,373.0,373.0,0x001035D1BBBB00F4,,,,,,1980000.0
04052BTN4,2040-02-01,2240000.0,6.125,100.0,6.125,227.5,,0x00106AA587DD0386,99.573922586,6.1700821896,227.0,,MATY,1960000.0
74442EKG4,2061-06-15,1300000.0,6.75,91.0,7.466,372.6,,0x001035131A06072D,,,,,,1950000.0
67868QAH5,2038-07-01,1890000.0,6.25,102.123,5.75,269.0,,0x001035D61C610789,101.2826645504,5.6834794547,199.3,199.3,PARC,1890000.0
74443DKR1,2031-06-15,580000.0,8.5,100.0,8.5,404.0,561.0,0x00106A9563A40028,,,,,,1885000.0
45129GDN2,2031-06-15,980000.0,7.15,100.0,7.15,630.9,545.0,0x0010358D903D0306,92.3931732185,8.8261758655,612.6,612.6,MATY,1862000.0000000002
74442EJZ4,2031-06-15,1650000.0,6.375,100.0,6.375,349.6,404.5,0x0010356CE4D5067E,100.1767288626,6.3372511112,363.7,363.7,MATY,1856250.0
041807DX3,2025-02-15,1060000.0,7.0,100.0,7.0,230.0,402.59999999999997,0x001035C5173D08C2,,,,,,1855000.0
14054WBN4,2032-06-01,945000.0,7.21,100.0,7.21,294.00000000000006,434.0,0x00106A6AC6AB017C,100.7025562026,7.076997016,422.7,423.7,MATY,1852200.0
744396KD3,2032-06-01,670000.0,8.0,100.0,8.0,373.00000000000006,525.0,0x00106A4E1AE901C6,99.6865033348,8.0574410151,520.7,521.7,MATY,1842500.0
19909PAK2,2025-06-15,515000.0,8.75,93.0,10.844,1002.2999999999998,1051.3999999999999,0x001035D7859D04EE,,,,,,1802500.0
13057HAB3,2037-06-15,2055000.0,6.125,98.57,6.25,338.0,,0x0010353E19ED00EF,91.590459655,7.1865479479,362.7,363.7,MATY,1798125.0
71780CBM1,2030-12-01,650000.0,8.0,100.0,8.0,606.0,639.0,0x001035B29E160619,,,,,,1787500.0
751814AB0,2029-06-01,1430000.0,6.5,100.0,6.5,290.7,387.0,0x0010355C6BF006E4,104.5698767762,5.1809372082,271.1,271.1,MATY,1787500.0
13058TTJ9,2030-06-01,715000.0,7.75,100.0,7.75,377.12,545.0,0x001035A575890975,101.8610447643,7.2863922587,473.6,473.6,MATY,1787500.0
74443DKF7,2029-12-01,530000.0,8.5,100.0,8.5,363.13000000000005,499.0,0x001035B4583909F9,,,,,,1722500.0
744396JW3,2031-06-15,530000.0,8.5,100.0,8.5,405.0,579.0,0x00106A68C8530089,,,,,,1722500.0
19645UMZ4,2031-07-01,1960000.0,6.125,100.0,6.125,327.5,319.0,0x00103512AD7C06E0,,,,,,1715000.0
74442EKF6,2060-06-15,1100000.0,6.75,91.0,7.47,373.0,,0x001035121A06072C,,,,,,1650000.0
05618TAD1,2027-02-01,805000.0,7.25,100.0,7.25,324.5,460.8,0x001035C377980801,,,,,,1610000.0
041807BJ6,2032-11-01,1280000.0,6.5,100.0,6.5,243.49999999999994,318.0,0x001035A1F6230756,104.3480525547,5.2879978681,243.8,241.8,PRMC,1600000.0
26940AAD7,2034-02-01,575000.0,8.0,100.0,8.0,355.99999999999994,517.0,0x00106A6E80820214,97.2691898208,8.4544410973,536.4,542.4,MATY,1581250.0
45129GKV6,2033-09-15,780000.0,7.25,100.0,7.25,349.0,432.2,0x00103521B83C0787,,,,,,1560000.0
50376FBX4,2025-09-01,930000.0,6.9,100.0,6.9,304.29999999999995,445.0,0x001035B59CF106FB,100.039115838,6.418484369,395.8,395.8,MATY,1534500.0000000002
34061UMY1,2029-06-15,605000.0,7.76,100.0,7.76,366.00000000000006,515.0,0x00106A7189C60246,,,,,,1518549.9999999998
71781XCT8,2037-03-01,750000.0,7.25,97.425,7.5,462.0,,0x001035ECCAE600E5,96.9002803511,7.6557397234,409.6,411.6,MATY,1500000.0
91754T3Z4,2031-06-15,400000.0,9.0,100.0,9.0,479.0,616.0,0x00106A3ACEFF0273,98.7905590615,9.267,656.7,656.7,MATY,1500000.0
546399TZ9,2026-12-15,1090000.0,6.625,100.0,6.625,296.5,428.5,0x00106A05BA460182,,,,,,1498750.0
72177MRU3,2028-02-01,1705000.0,6.125,99.658,6.17,400.0,406.2,0x001035F49A77013D,98.4434568258,6.80047945,433.0,433.0,MATY,1491875.0
83704MCJ3,2030-08-15,710000.0,7.35,100.0,7.35,429.6,498.0,0x001035F67DD90671,,,,,,1490999.9999999998
45129GLD5,2033-05-01,1230000.0,6.46,100.0,6.46,186.09999999999997,310.2,0x00103592EB1F094A,108.1302364905,5.1771308384,223.7,223.7,MATY,1488300.0
13058TRK8,2029-07-01,660000.0,7.5,100.0,7.5,365.0,465.7,0x0010358E20F7067A,,,,,,1485000.0
744396KA9,2027-06-15,1050000.0,6.65,100.0,6.65,203.0,376.0,0x00106A6D394A0064,101.2926801343,5.9217787083,346.2,346.2,MATY,1470000.0000000005
74442ELA6,2031-06-15,400000.0,8.832,100.0,8.832,456.4000000000001,592.2,0x0010354CFAF20869,,,,,,1432800.0000000002
546399PG5,2037-06-01,1635000.0,6.125,99.269,6.2,320.0,,0x001035E2C89B0692,,,,,,1430625.0
74443DMC2,2035-05-01,1295000.0,6.35,100.0,6.35,280.99999999999994,,0x00106A58DF8B0375,,,,,,1424499.9999999995
041806F62,2028-03-01,515000.0,8.0,100.0,8.0,672.9,733.0,0x0010353ED29E0453,94.4351981039,10.4484745613,797.8,797.8,MATY,1416250.0
13057JAG8,2031-06-15,620000.0,7.5,100.0,7.5,349.0,469.0,0x00106A27F7EE0347,98.997102622,7.7155438968,501.6,501.6,MATY,1395000.0
34061UMD7,2030-06-15,500000.0,8.0,100.0,8.0,338.40000000000003,469.0,0x001035B1FC210940,,,,,,1375000.0
14054WAU9,2031-06-15,495000.0,8.0,100.0,8.0,351.0,533.0,0x00106A9EE5470046,102.7179951592,7.421653534,472.2,472.2,MATY,1361250.0
04110DBG4,2028-07-01,415000.0,8.5,100.0,8.5,437.0,568.0,0x00106AAEF3CE00E9,101.6959919584,7.8441042366,537.4,537.4,MATY,1348750.0
19645URA4,2028-07-01,465000.0,8.125,100.0,8.125,418.55,581.5,0x001035BB65850977,,,,,,1336875.0
546399SF4,2027-06-01,485000.0,8.0,100.0,8.0,384.99999999999994,555.0,0x001035AECBCC0985,,,,,,1333750.0
72177MQP5,2035-07-01,1180000.0,6.375,100.0,6.375,368.5,,0x00102100656A7F41,,,,,,1327500.0
744396DA7,2024-06-15,755000.0,7.0,100.0,7.0,471.70000000000005,524.0,0x001035B8BA6C014A,,,,,,1321250.0
83704MBE5,2030-06-15,475000.0,8.0,100.0,8.0,715.0,705.0,0x001035D1DE1B0435,95.7821401683,9.0798289488,653.0,653.0,MATY,1306250.0
13058TTT7,2029-06-01,735000.0,7.0,100.0,7.0,284.99999999999994,425.0,0x00106A0B50DD00FC,,,,,,1286250.0
12008EUR5,2033-04-15,1270000.0,6.25,100.0,6.25,266.0,266.0,0x001035560335094C,109.3163151779,4.7946849323,185.5,185.5,MATY,1270000.0
744396JR4,2031-06-15,420000.0,8.25,100.0,8.25,379.69,519.0,0x001035C3C6580971,,,,,,1260000.0
74443DLF6,2028-06-15,630000.0,7.25,100.0,7.25,334.0,483.0,0x00106A9CA39101D5,100.0771986878,7.2166222617,474.7,474.7,MATY,1260000.0
04052BGN8,2026-06-15,500000.0,7.75,95.0,8.653,552.2,611.3000000000001,0x00103562B8E3011D,98.6556031441,9.3038572695,684.4,684.4,MATY,1250000.0
74443DHD6,2028-02-01,700000.0,7.0,100.0,7.0,444.1,497.0,0x0010357D10470609,97.3965683222,8.1523663473,568.2,568.2,MATY,1225000.0
852297DP2,2042-06-01,1070000.0,6.375,100.0,6.375,313.5,,0x0010357B8093064B,,,,,,1203750.0
68607AAE1,2029-06-15,320000.0,9.0,100.0,9.0,521.4,614.0,0x001035135D36075A,,,,,,1200000.0
744396EH1,2024-07-15,685000.0,7.0,100.0,7.0,513.7,561.8,0x001035B6C03C026D,,,,,,1198750.0
14054WAY1,2030-06-15,435000.0,8.0,98.838,8.25,412.0,548.0,0x00106ACEC0D300A7,,,,,,1196250.0
19645URJ5,2028-04-01,500000.0,7.625,100.0,7.625,294.5,479.5,0x00106A195B2C0014,102.0499069046,6.7774615148,430.7,430.7,MATY,1187500.0
83704MCT1,2030-06-15,395000.0,8.25,100.0,8.25,417.1,557.0,0x00103548F1C30857,,,,,,1185000.0
83704MBS4,2032-06-15,430000.0,8.0,100.0,8.0,627.2,682.0,0x001035D393A904C8,,,,,,1182500.0
744396GE6,2028-09-01,775000.0,6.75,100.0,6.75,561.1,588.5,0x00103506C6900471,102.9157783701,5.7233293082,325.3,325.3,MATY,1162500.0
45506D5D3,2023-06-01,420000.0,8.0,100.0,8.0,639.4,677.0,0x001035BB0BB9022E,,,,,,1155000.0
34061ULU0,2027-06-15,660000.0,7.0,100.0,7.0,314.0,416.0,0x0010355C2B340761,,,,,,1155000.0
74442EFS4,2027-06-15,355000.0,8.5,93.0,9.987,933.8000000000001,960.7,0x0010351864450418,92.5947057615,12.9819614565,1052.2,1052.2,MATY,1153750.0
72177MRD1,2026-07-01,655000.0,7.0,100.0,7.0,525.0,537.2,0x001035B9CB330064,,,,,,1146250.0
60375CAR5,2024-07-01,650000.0,7.0,100.0,7.0,489.0,550.0,0x001035A8322C0192,,,,,,1137500.0
56681NHR1,2027-07-01,410000.0,8.0,100.0,8.0,386.00000000000006,546.0,0x001035AB85B009B2,,,,,,1127500.0
12008EUV6,2033-04-15,1120000.0,6.25,100.0,6.25,266.0,266.0,0x0010352129370913,103.144678492,5.7396849323,280.0,280.0,MATY,1120000.0
072325AB9,2036-01-15,890000.0,6.5,100.0,6.5,408.0,,0x00102100EE614CF2,,,,,,1112500.0
14054WAE5,2029-12-15,445000.0,7.75,100.0,7.75,356.29999999999995,487.0,0x00103553FCE40866,,,,,,1112500.0
61075YAK3,2027-07-01,740000.0,6.75,100.0,6.75,335.70000000000005,435.0,0x0010351A77E806A6,,,,,,1110000.0
91754T2H5,2029-04-15,400000.0,8.0,98.001,8.515,438.5,570.5,0x00106A84B5B500FE,,,,,,1100000.0
19645UQW7,2030-07-01,500000.0,7.43,100.0,7.43,412.0,412.0,0x001035A63420099E,,,,,,1089999.9999999998
187145RG4,2025-06-15,615000.0,7.0,100.0,7.0,239.59999999999997,405.0,0x0010355D146D0809,,,,,,1076250.0
56681NHT7,2039-07-01,860000.0,6.5,100.0,6.5,363.0,,0x001035045A020A73,93.9925102766,7.1884109601,339.8,,MATY,1075000.0
74442ELM0,2026-10-01,390000.0,8.0,100.0,8.0,368.21000000000004,541.0,0x001035B8E9780905,,,,,,1072500.0
744396JH6,2028-07-01,450000.0,7.625,100.0,7.625,325.5,469.0,0x001035C045D6087E,,,,,,1068750.0
74442EHY9,2029-06-15,335000.0,8.375,98.0,8.747,680.4000000000001,717.7,0x0010357A2710066E,,,,,,1046875.0
74442EFP0,2027-12-15,460000.0,7.5,100.0,7.5,610.9,675.0,0x00103544B1A8057D,,,,,,1035000.0
744396KL5,2030-07-15,460000.0,7.5,100.0,7.5,355.0,432.0,0x00106A80144B03A6,,,,,,1035000.0
74442EDV9,2024-12-01,590000.0,7.0,100.0,7.0,426.1,494.0,0x001035E6320202F1,,,,,,1032500.0
74442EFL9,2027-06-15,510000.0,7.25,95.0,8.221,773.9,778.1,0x0010355C50D603FC,96.9780517226,8.9974083931,653.7,653.7,MATY,1020000.0
18610RCH5,2026-01-01,580000.0,7.0,100.0,7.0,270.0,421.0,0x00106AADD3C901CC,100.0270844809,6.9188526649,445.9,445.9,MATY,1015000.0
14054CDQ9,2027-06-15,405000.0,7.75,100.0,7.75,681.9,743.0,0x001035FCF98304A7,95.0571327938,10.6647561104,820.5,820.5,MATY,1012500.0
70275QAJ2,2031-01-01,675000.0,6.75,100.0,6.75,242.0,407.0,0x00106AAEC00D021B,,,,,,1012500.0
5742186P3,2027-03-01,1000000.0,6.25,100.0,6.25,546.3,486.0,0x00103587523B03C8,,,,,,1000000.0
744396HP0,2028-06-01,655000.0,6.75,100.0,6.75,358.0,434.0,0x00103583C9A106C8,,,,,,982500.0
14054WAJ4,2028-06-15,355000.0,8.0,100.0,8.0,397.59000000000003,550.0,0x001035323C8309A1,101.3920696012,7.4556422358,498.6,498.6,MATY,976250.0
83704MBM7,2026-12-01,780000.0,6.5,100.0,6.5,588.7,592.0,0x001035591A8B04E9,,,,,,975000.0
19909PAG1,2027-06-15,270000.0,8.75,93.0,10.288,909.0999999999999,970.8,0x0010358276970442,95.3890146642,11.4918387229,903.2,903.2,MATY,945000.0
13058TTN0,2029-07-01,530000.0,7.0,100.0,7.0,297.0,457.0,0x00103570C9B60923,,,,,,927500.0
899519AB8,2029-06-01,285000.0,8.5,100.0,8.5,512.5999999999999,605.0,0x001035B0C5E206B4,,,,,,926250.0
74442EKY5,2026-06-15,370000.0,7.75,100.0,7.75,357.0,474.0,0x001035D39E5B083B,,,,,,925000.0
68607AAM3,2028-12-15,335000.0,8.0,100.0,8.0,390.00000000000006,558.0,0x001035922E020A91,101.2902714249,7.5605600066,509.1,509.1,MATY,921250.0
738222AC2,2022-09-01,405000.0,7.5,100.0,7.5,472.0,,0x0010352A9C1D008E,86.990088142,8.8483561642,438.8,,MATY,911250.0
13058PAD0,2029-06-15,405000.0,7.5,100.0,7.5,313.2,462.0,0x0010355808CA08B7,,,,,,911250.0
424685BC8,2026-06-15,520000.0,7.0,100.0,7.0,320.8,454.0,0x001035BD87680770,100.2297032459,6.7272165253,426.7,426.7,MATY,910000.0
424682KP6,2022-12-01,900000.0,6.25,100.0,6.25,435.20000000000005,484.0,0x001035D3723602B0,,,,,,900000.0
24380HBT8,2028-06-15,400000.0,7.5,100.0,7.5,303.0,453.0,0x00106ADB6358009A,87.95,12.5583922633,1008.8,1008.8,MATY,900000.0
744396GL0,2048-07-01,500000.0,7.0,100.0,7.0,554.0,,0x0010351EC95505A2,,,,,,875000.0
744396GM8,2048-07-01,500000.0,7.0,100.0,7.0,554.0,,0x0010351FC95505A3,,,,,,875000.0
23981CAC2,2026-06-15,240000.0,8.75,93.0,10.504,982.9999999999999,991.3999999999999,0x001035C4FF81049B,,,,,,840000.0
74443DFT3,2025-02-01,470000.0,7.0,100.0,7.0,667.0,665.2,0x001035253F8A03B6,,,,,,822500.0
041807BA5,2028-02-15,590000.0,6.625,100.0,6.625,350.53000000000003,435.5,0x00103584A3DB06DF,,,,,,811250.0
13058TUH1,2029-06-15,360000.0,7.5,100.0,7.5,345.0,476.0,0x00106AB5339D0160,,,,,,810000.0
13048DBL1,2045-08-01,925000.0,6.125,100.0,6.125,330.5,,0x00102100EC5A22A5,,,,,,809375.0
12008EUQ7,2026-06-15,460000.0,7.0,100.0,7.0,266.09999999999997,426.0,0x001035388BA2083C,100.4404745464,6.4867390824,402.7,402.7,MATY,805000.0
74443DMG3,2033-05-01,1000000.0,6.05,100.0,6.05,306.0,306.0,0x00106A58DF8B0375,,,,,,799999.9999999998
19645UNY6,2027-07-01,210000.0,9.0,100.0,9.0,464.29999999999995,578.0,0x00103595F2230766,,,,,,787500.0
74442EFZ8,2027-06-15,260000.0,8.25,94.0,9.555,826.5,896.5,0x001035CA46B6041B,96.4036945346,10.3609188727,790.1,790.1,MATY,780000.0
74172VAM0,2023-08-01,445000.0,7.0,100.0,7.0,483.1,491.0,0x001035CD19B30042,,,,,,778750.0
190779AK4,2027-06-15,310000.0,7.75,100.0,7.75,383.52,537.0,0x00103575288509F4,100.2000232567,7.6298092693,517.0,517.0,MATY,775000.0
74443DKB6,2038-06-15,550000.0,6.65,100.0,6.65,256.0,,0x001035302D370906,,,,,,770000.0000000002
678206AD5,2027-12-01,280000.0,8.0,100.0,8.0,454.2,559.0,0x001035926EEB0634,,,,,,770000.0
246372BK1,2030-07-01,280000.0,8.0,100.0,8.0,399.0,516.0,0x00106A9B77A70332,99.9975508622,7.9950409538,544.5,544.5,MATY,770000.0
041807DE5,2026-06-15,305000.0,7.75,100.0,7.75,378.2,533.0,0x0010359BEB20087D,,,,,,762500.0
13058TRT9,2026-06-01,435000.0,7.0,100.0,7.0,303.2,458.0,0x00103527FB1E08EF,,,,,,761250.0
34061ULS5,2032-06-15,935000.0,6.06,100.0,6.06,312.0,313.0,0x001035E8203407DE,104.5941279804,5.148342464,229.8,230.8,PARC,757349.9999999997
13080KAX9,2027-07-01,750000.0,6.25,100.0,6.25,380.0,382.5,0x001035C057B70005,,,,,,750000.0
041807AU2,2025-10-15,425000.0,7.0,100.0,7.0,402.0,489.0,0x0010359188A30699,,,,,,743750.0
83704MEM4,2027-06-15,595000.0,6.5,100.0,6.5,223.00000000000006,394.0,0x00106ABDD3CC01D9,100.7633361433,6.0676663179,360.8,360.8,MATY,743750.0
74442EFV7,2026-06-15,270000.0,8.0,94.0,9.469,864.9,899.9,0x0010354EE1970419,96.0453521955,12.6982271466,1023.8,1023.8,MATY,742500.0
14054CFF1,2032-06-15,370000.0,7.25,97.501,7.6,587.5,640.0,0x001035747FC005EB,,,,,,740000.0
83704MCZ7,2032-06-01,320000.0,7.5,100.0,7.5,457.0,457.0,0x001035D3B9DA089D,,,,,,720000.0
91754T3E1,2026-10-15,320000.0,7.5,99.764,7.63,343.0,504.0,0x00106A224FF801EE,100.0396234528,7.4514936975,499.1,499.1,MATY,720000.0
345856AR9,2026-07-01,560000.0,6.5,100.0,6.5,385.3,452.5,0x001035146509025F,99.021027655,7.5732119938,511.3,511.3,MATY,700000.0
34061UHX9,2027-06-15,390000.0,7.0,100.0,7.0,586.6,649.0,0x0010359A334E05C7,,,,,,682500.0
555542NF2,2021-06-15,545000.0,6.5,100.0,6.5,468.70000000000005,522.0,0x0010357DD9EE006F,,,,,,681250.0
50376HAE3,2025-06-15,340000.0,7.25,100.0,7.25,305.1,482.0,0x00103539CC2008F8,,,,,,680000.0
74443DKD2,2029-06-15,300000.0,7.5,100.0,7.5,265.03,399.0,0x001035312D370907,,,,,,675000.0
29681CBM9,2032-07-15,595000.0,6.375,100.0,6.375,213.5,344.5,0x00106A99799D0106,99.170763964,6.5244515275,367.4,367.4,MATY,669375.0
83704MCY0,2031-06-01,295000.0,7.5,100.0,7.5,459.0,459.0,0x001035D3B9DA089D,,,,,,663750.0
041807AR9,2026-09-01,440000.0,6.75,100.0,6.75,380.4,481.0,0x00103501BD870618,,,,,,660000.0
744396JC7,2030-07-15,330000.0,7.25,100.0,7.25,309.40000000000003,459.0,0x001035CBF0C708D1,,,,,,660000.0
34062FAD2,2027-06-15,580000.0,6.375,100.0,6.375,202.50000000000006,336.5,0x001035DB6710078E,,,,,,652500.0
14054CCU1,2025-06-15,370000.0,7.0,100.0,7.0,667.0,662.0,0x001035DCC58703B8,,,,,,647500.0
13058TJS0,2026-06-15,285000.0,7.5,94.0,8.847,838.3,849.6999999999999,0x0010354DA8DF031C,68.0,57.0132530126,5455.3,5455.3,MATY,641250.0
13058TRY8,2029-06-01,510000.0,6.5,100.0,6.5,305.2,419.0,0x00103549762D083F,,,,,,637500.0
13058TSC5,2026-06-01,360000.0,7.0,100.0,7.0,327.0,447.0,0x001035B7D4480806,,,,,,630000.0
68607AAS0,2029-06-15,310000.0,7.25,100.0,7.25,309.99999999999994,436.0,0x00106A9D63840303,,,,,,620000.0
83704MDB9,2032-06-01,165000.0,9.0,100.0,9.0,476.99999999999994,607.0,0x001035D4B9DA089A,,,,,,618750.0
83704MCX2,2030-06-01,275000.0,7.5,100.0,7.5,460.0,460.0,0x001035D3B9DA089D,,,,,,618750.0
34061UMJ4,2028-06-01,350000.0,7.0,100.0,7.0,271.0,402.0,0x00106A2EB28A006C,102.0756220653,6.1968794182,372.7,372.7,MATY,612500.0
19645UTW4,2031-06-15,270000.0,7.5,100.0,7.5,349.0,449.0,0x00106AB8C966036E,,,,,,607500.0
12033DAB3,2031-06-15,265000.0,7.5,100.0,7.5,357.0,497.0,0x00106A8299790119,100.9340871843,7.300669915,460.1,460.1,MATY,596250.0
13058TFB1,2022-05-01,390000.0,6.75,100.0,6.75,504.5,536.5,0x0010354429EA00A2,,,,,,585000.0
13058TJQ4,2023-06-15,330000.0,7.0,100.0,7.0,683.0,682.0,0x00103578D0B0033E,,,,,,577500.0
645912DZ6,2023-07-01,660000.0,6.125,100.0,6.125,411.4,485.5,0x00103588203801B4,,,,,,577500.0
744396EK4,2025-06-15,460000.0,6.5,100.0,6.5,457.8,514.0,0x001035F4AC470238,,,,,,575000.0
13069AAF5,2025-06-01,575000.0,6.25,100.0,6.25,572.4,368.0,0x001035D29A42032C,,,,,,575000.0
83704MCW4,2029-06-01,255000.0,7.5,100.0,7.5,460.0,459.0,0x001035D3B9DA089D,,,,,,573750.0
83704MCP9,2033-06-15,655000.0,6.125,100.0,6.125,340.5,340.5,0x00103547F1C30858,,,,,,573125.0
645438CA8,2030-08-15,200000.0,8.0,100.0,8.0,400.2,546.0,0x00103546DB890839,,,,,,550000.0
744396CG5,2027-07-01,545000.0,6.25,100.0,6.25,439.0,438.3,0x00103589691C01D8,97.6782366976,7.5450547945,508.5,508.5,MATY,545000.0
744396DM1,2022-07-01,430000.0,6.5,100.0,6.5,366.5,451.29999999999995,0x0010350E6AA701E7,,,,,,537500.0
74442ELW8,2025-12-15,430000.0,6.5,100.0,6.5,259.0,401.0,0x00106ACC96600141,99.7848820737,6.9956407314,453.6,453.6,MATY,537500.0
197468AF8,2023-12-15,425000.0,6.5,96.0,8.823,827.3000000000001,839.3000000000001,0x0010358577C60514,,,,,,531250.0
83704MCV6,2028-06-01,235000.0,7.5,100.0,7.5,457.0,456.0,0x001035D3B9DA089D,,,,,,528750.0
45129GDC6,2022-07-15,300000.0,7.0,100.0,7.0,422.0,495.2,0x0010353A7EA401C4,,,,,,525000.0
13059THN2,2025-07-01,300000.0,7.0,99.543,7.25,264.59999999999997,431.2,0x001035E4446D08E0,,,,,,525000.0
83704MEH5,2027-06-15,420000.0,6.5,100.0,6.5,242.0,388.0,0x00106AB13CA9015F,100.3802330434,6.282029012,382.2,382.2,MATY,525000.0
744396HX3,2027-07-15,410000.0,6.5,100.0,6.5,255.0,338.0,0x0010358336FC066A,,,,,,512500.0
723161HF5,2027-12-15,315000.0,6.875,98.0,7.284,584.4,646.4,0x001035D1037D058F,,,,,,511875.0
744396HU9,2029-06-01,505000.0,6.25,100.0,6.25,301.3,385.0,0x001035AFC5E206AB,,,,,,505000.0
71781XCW1,2025-03-01,220000.0,7.5,99.257,7.625,528.2,565.5,0x001035F1CAE600F8,,,,,,495000.0
83704MCU8,2027-06-01,220000.0,7.5,100.0,7.5,454.0,452.0,0x001035D3B9DA089D,,,,,,495000.0
130591BQ2,2028-06-01,390000.0,6.5,100.0,6.5,207.0,358.0,0x00106A704D5D001A,102.1666080577,5.6694591424,319.9,319.9,MATY,487500.0
041807CG1,2028-04-01,210000.0,7.5,100.0,7.5,393.2,507.0,0x001035F1D9630769,,,,,,472500.0
59334GAP2,2029-07-01,310000.0,6.75,100.0,6.75,380.1,447.7,0x001035AFE98406E1,,,,,,465000.0
91754TW66,2027-10-15,265000.0,7.0,100.0,7.0,304.2,396.0,0x001035591F2C0748,,,,,,463750.0
12008ESR8,2032-07-01,360000.0,6.5,104.677,5.875,299.5,299.3,0x001035BFA69A06A0,102.3241903845,6.08465753,323.5,323.5,MATY,450000.0
04052BTF1,2027-07-01,255000.0,7.0,100.0,7.0,346.4,480.0,0x00103515E98D0753,100.2618440223,6.8523614834,439.2,439.2,MATY,446250.0
041806RY8,2024-08-15,445000.0,6.25,100.0,6.25,439.6,510.6,0x001035211F86029F,,,,,,445000.0
91912VAB3,2022-06-15,350000.0,6.5,100.0,6.5,426.0,481.0,0x00103588B177016A,,,,,,437500.0
13058TUN8,2029-06-01,250000.0,7.0,100.0,7.0,288.99999999999994,432.0,0x00106A1A8FA90147,101.452118082,6.566344388,409.6,409.6,MATY,437500.0
74443DKX8,2026-07-01,130000.0,8.5,100.0,8.5,485.0,619.0,0x00106A54AE7601F7,99.911603099,8.5905268821,613.1,613.1,MATY,422500.0
45129GDS1,2026-07-01,325000.0,6.5,100.0,6.5,581.6,530.8,0x0010356651480359,98.1404892047,8.5564610942,609.6,609.6,MATY,406250.0
14054UAD1,2027-06-15,270000.0,6.6,100.0,6.6,284.0,402.0,0x00106A5C0903012D,100.1474911932,6.5125498605,405.3,405.3,MATY,364499.9999999999
60375CBG8,2027-07-01,200000.0,7.0,100.0,7.0,551.1,492.0,0x0010351AC35103AE,,,,,,350000.0
546399PP5,2026-06-01,340000.0,6.25,100.0,6.25,324.6,408.0,0x0010356128A306C9,,,,,,340000.0
74442EEL0,2023-06-01,225000.0,6.75,100.0,6.75,495.0,548.0,0x001035ED794802FB,,,,,,337500.0
68607AAB7,2025-06-15,365000.0,6.125,100.0,6.125,319.3,394.5,0x0010352D8FCA014C,99.989,,,,MATY,319375.0
852297DR8,2029-06-01,250000.0,6.5,100.0,6.5,313.3,385.0,0x001035C18B9306FA,,,,,,312500.0
744396DH2,2024-09-01,125000.0,7.65,100.0,7.65,484.3,555.5,0x001035A446900156,,,,,,300000.00000000006
74443DKA8,2033-06-15,330000.0,6.15,100.0,6.15,256.0,256.0,0x001035302D370906,,,,,,297000.0000000001
19645UNU4,2025-06-15,185000.0,6.85,100.0,6.85,340.0,456.0,0x001035B8C0E206B9,,,,,,295999.99999999994
91754TT37,2024-08-15,165000.0,7.0,100.0,7.0,369.4,482.0,0x0010356D1CD70685,,,,,,288750.0
744396GQ9,2023-07-01,280000.0,6.25,100.0,6.25,594.5,608.0,0x001035F3775F05FB,,,,,,280000.0
71780CAD2,2023-06-01,245000.0,6.25,100.0,6.25,453.7,519.0,0x0010355ECE0103B7,,,,,,245000.0
19645R8L8,2021-07-01,240000.0,6.25,100.0,6.25,352.9,439.3,0x001035F1D900020F,,,,,,240000.0
19645UPX6,2026-07-01,240000.0,6.25,100.0,6.25,234.7,378.0,0x0010352A45ED07A0,100.2361685753,5.9889327672,352.9,352.9,MATY,240000.0
45506DM36,2022-07-01,200000.0,6.375,100.0,6.375,363.5,446.5,0x00103537A9D6016C,,,,,,225000.0
19645UEC4,2025-06-01,135000.0,6.75,100.0,6.75,653.6,658.0,0x001035DFEBC303D1,,,,,,202500.0
91754TW41,2024-09-15,0.0,7.0,,,,,0x001035C1BAF406AC,,,,,,0.0
